id,row_idx,label,x,y
6104,6104,0,-8.924286,7.6364684
20886,20886,1,1.8066363,-14.08731
2300,2300,0,-7.5364823,16.220129
19057,19057,1,-4.8256474,-10.051547
13890,13890,0,30.334251,-0.87434787
6674,6674,0,-1.8100035,4.391232
32097,32097,1,46.376198,-4.8401556
5284,5284,0,14.792686,47.293213
10477,10477,1,-19.110481,-48.27256
88,88,0,4.5865083,19.734442
31936,31936,1,-42.766758,-1.9112719
1593,1593,0,-11.411875,39.025562
8195,8195,0,9.740323,39.736008
3994,3994,1,-1.704047,-36.56498
24836,24836,1,1.775422,-36.856136
18694,18694,1,-46.397118,-2.7859612
31588,31588,1,37.10891,-8.192322
4500,4500,1,0.53210515,-16.800577
13122,13122,0,28.771664,-0.6607603
24029,24029,0,7.69036,7.7221937
18155,18155,1,6.017019,-35.760036
29151,29151,0,17.716988,10.268583
22951,22951,0,8.0844145,44.790768
13387,13387,0,-4.6601915,6.1353745
13580,13580,0,-21.29813,11.928829
32186,32186,1,14.297117,-39.839005
6979,6979,0,5.907227,9.689787
26669,26669,1,-11.2036915,-2.7270224
15680,15680,1,-35.99572,-1.1730319
30076,30076,1,-27.245872,-7.246848
18573,18573,1,-21.242731,-7.817731
30278,30278,1,-11.031093,-23.410183
33715,33715,1,-9.314299,-19.35326
16173,16173,1,-16.30252,-28.081247
11649,11649,0,13.31283,52.330677
9903,9903,1,-14.71524,-28.797644
14568,14568,0,27.54427,21.270912
27813,27813,0,30.902021,1.28734
6360,6360,0,-10.765777,27.254839
26434,26434,1,-10.806136,-7.3966956
29291,29291,1,-47.134563,-2.556919
6884,6884,0,9.929823,42.262924
4674,4674,1,18.242342,-11.48886
30323,30323,1,-11.895963,-39.510483
8687,8687,0,15.744233,38.058258
15319,15319,1,-22.82356,5.206974
33404,33404,1,-34.743404,-7.15991
16020,16020,1,31.444895,-36.343372
30396,30396,1,-26.600176,-1.5214038
8431,8431,0,25.946287,-2.6599395
12838,12838,0,-8.049744,25.52295
29603,29603,1,-42.738087,-1.9464281
12390,12390,0,11.672233,11.006543
31762,31762,1,-16.092297,-10.887273
16114,16114,1,-18.08432,6.790183
7936,7936,0,9.512909,34.495834
5573,5573,0,13.175669,38.73332
1163,1163,0,6.6375356,56.23578
5204,5204,0,-17.674908,-1.3559239
16396,16396,1,-36.302685,-8.094947
3248,3248,0,-5.519465,38.20382
18504,18504,1,-26.059603,-16.544544
11583,11583,0,-2.6219823,33.89487
6705,6705,0,11.768171,10.66482
22798,22798,0,11.673096,-1.0527613
127,127,0,-7.564361,2.0468903
21366,21366,1,-34.7367,-7.1392035
8644,8644,0,14.1094675,41.122047
16079,16079,1,-41.177177,-23.777884
23973,23973,0,28.219536,-5.598723
8938,8938,0,14.833496,33.691494
10334,10334,1,-5.3733077,-11.028402
7958,7958,0,10.644813,46.655045
14638,14638,0,6.6274304,16.410877
19737,19737,1,-25.824223,-15.99433
25391,25391,1,-45.411137,-21.806042
1632,1632,0,4.5954247,17.116356
26558,26558,1,-0.5491805,-9.75039
31705,31705,1,-15.672732,-30.346298
5656,5656,0,12.374038,39.59334
24662,24662,1,2.9802034,-35.385098
27604,27604,1,4.131892,-38.456345
9463,9463,0,6.3425207,43.8353
16550,16550,0,-10.298677,-9.976166
169,169,0,1.0663669,15.89574
601,601,0,-8.049339,12.238688
6472,6472,0,15.848939,38.435635
29395,29395,1,45.749207,-2.2079487
4033,4033,1,-4.863181,-10.011148
27791,27791,0,-14.231483,27.17814
7907,7907,0,13.50903,-2.5060353
7922,7922,0,9.544013,53.31421
20917,20917,1,5.0345774,-7.4508677
21897,21897,1,-10.072957,-18.033325
23047,23047,0,23.701525,4.8446794
2802,2802,0,6.2992134,53.76808
21259,21259,1,-31.86194,-32.99696
9008,9008,0,9.514408,31.36879
5513,5513,0,14.705072,44.932976
8534,8534,0,14.549657,29.878023
24072,24072,1,-2.3757179,-3.2622325
4148,4148,1,-26.062115,6.973231
15526,15526,1,30.191465,-8.165831
11738,11738,0,25.752506,-8.833578
31488,31488,1,-20.54207,-21.329836
26237,26237,1,-45.63871,3.823159
16534,16534,1,0.7069668,-45.24364
30928,30928,1,-26.287277,-13.387647
10249,10249,1,-26.827374,-1.9331038
15644,15644,1,48.985928,1.621635
31309,31309,1,32.04826,-37.57703
3592,3592,0,33.52001,13.068139
7701,7701,0,25.063637,-3.9748926
9447,9447,0,23.60309,-1.9269558
29415,29415,1,-46.745243,-1.2922084
19425,19425,1,47.352448,0.8075732
11152,11152,0,9.044775,11.59656
27634,27634,1,-45.125847,-12.40779
16443,16443,1,-7.6634946,-3.5446825
2334,2334,0,-31.360327,37.400257
8625,8625,0,11.270246,9.247782
22932,22932,0,11.404345,-25.484303
13679,13679,0,0.7006582,-0.92729783
4380,4380,1,3.8648212,-13.526887
10128,10128,1,-1.5412607,-30.48913
1452,1452,0,19.53872,5.661886
3771,3771,1,8.959415,-10.857236
15640,15640,1,-8.848489,-11.513401
1533,1533,0,-3.2664578,1.2944924
15778,15778,1,47.820602,1.5220336
9513,9513,0,9.023227,14.284635
17278,17278,0,-50.736217,14.764182
22399,22399,1,-10.441495,-4.73061
22091,22091,1,-13.425395,-5.8177752
4238,4238,1,-14.23806,0.32377803
13107,13107,0,-4.2994266,1.3810438
23710,23710,0,-13.656993,-10.032984
2380,2380,0,13.52306,-26.17807
17373,17373,0,-50.80282,15.423528
2086,2086,0,-12.459011,38.71039
8060,8060,0,5.652991,39.496826
10863,10863,1,-36.76563,-15.148477
2388,2388,0,-11.970235,14.436358
24596,24596,1,5.758789,-49.395683
304,304,0,-21.531929,2.24429
31914,31914,1,-23.0413,-9.318154
21318,21318,1,-12.388156,-6.0282464
7605,7605,0,-4.493141,9.796119
18154,18154,1,32.460743,-37.205273
3841,3841,1,-17.261347,2.0466259
5239,5239,0,10.518084,53.290627
26618,26618,1,-14.60552,-20.96946
24383,24383,1,-11.512583,-22.0798
23233,23233,0,27.619856,5.58631
26548,26548,1,-3.5551865,-14.195529
25194,25194,1,-7.24582,-7.365137
4329,4329,1,-23.081186,1.7383207
6546,6546,0,29.3232,-6.3070173
31363,31363,1,-58.431747,-12.314775
23889,23889,0,27.716759,14.875889
15567,15567,1,-30.053387,-8.608586
26071,26071,1,21.16927,-36.794125
10210,10210,1,-19.373478,-48.840553
7278,7278,0,8.193594,14.959136
2323,2323,0,-28.84781,33.44782
6657,6657,0,-1.4821075,10.906267
29011,29011,0,3.4049234,11.738419
13038,13038,0,32.045567,17.356747
5128,5128,1,39.864025,-8.6055155
12250,12250,0,10.305116,14.863333
3362,3362,0,-14.848919,16.488281
29361,29361,1,20.185955,-9.653556
27943,27943,0,2.940245,35.137867
6907,6907,0,10.009758,42.26702
15478,15478,1,-12.114151,-26.443298
28451,28451,0,1.8503072,26.501972
33484,33484,1,-36.393208,-8.126273
11852,11852,0,-2.6202729,33.894596
5022,5022,1,-20.479631,2.1613803
8412,8412,0,-17.006552,-27.33198
28162,28162,0,3.0712104,35.025684
18422,18422,1,-45.746952,-4.0871577
8275,8275,0,-6.477376,30.993126
17291,17291,0,-50.441788,15.5990715
27489,27489,1,-7.011634,-13.38465
20018,20018,1,-2.224286,-28.979744
188,188,0,7.6445274,3.6471198
8887,8887,0,8.280016,47.523624
2751,2751,0,-32.421062,37.295357
11477,11477,0,26.722622,17.516977
3926,3926,1,-28.680826,20.255188
4307,4307,1,-23.144304,-30.60485
7610,7610,0,-22.307516,2.5446057
4467,4467,1,-46.598015,-2.2651186
10647,10647,1,-2.8614101,-29.900696
26945,26945,1,11.156865,-21.357847
27909,27909,0,11.184405,-24.828773
32863,32863,1,-26.547289,-13.547462
18446,18446,1,-20.411013,-7.5907116
3106,3106,0,-32.421062,37.295357
14401,14401,0,14.693022,-25.578236
15455,15455,1,33.004154,-23.163816
26278,26278,1,0.67724186,-20.952402
31381,31381,1,-57.34689,-13.127958
32184,32184,1,-14.0389595,-5.1800227
21428,21428,1,-17.474762,-28.082102
1496,1496,0,-9.593839,-11.619963
254,254,0,9.02398,56.431152
2435,2435,0,11.233411,-25.181456
20704,20704,1,-31.602325,-33.372986
13559,13559,0,34.10221,20.973354
26288,26288,1,-9.427252,-1.9107378
31099,31099,1,48.963516,1.6224152
20323,20323,1,-22.727707,-9.924442
33585,33585,1,21.479816,-8.894508
9324,9324,0,-1.7165772,34.828396
2270,2270,0,-13.908461,14.498493
10732,10732,1,-40.567345,-26.380835
26262,26262,1,-5.689719,-4.6296473
11866,11866,0,26.808792,20.632563
19952,19952,1,8.587435,-5.58062
29719,29719,1,-33.632904,13.186127
30368,30368,1,-1.838302,-4.9904127
19,19,0,-8.819272,12.9168215
6620,6620,0,12.432318,-24.538027
6983,6983,0,-5.5136175,24.899183
4759,4759,1,-14.490959,-15.252683
31054,31054,1,-0.68442667,-20.562622
11736,11736,0,-5.725376,5.092951
4556,4556,1,3.6989949,-38.3164
9399,9399,0,12.539649,33.807404
32737,32737,1,-2.022192,-3.3481195
9165,9165,0,14.379116,40.605827
28777,28777,0,28.516941,19.419918
8810,8810,0,4.961106,43.147537
19158,19158,1,-3.7519639,-3.654833
28959,28959,0,-16.575684,17.533752
33512,33512,1,-22.324242,-22.35065
426,426,0,2.7035015,10.131478
25508,25508,1,3.78652,-20.977829
16201,16201,1,31.715134,-36.88044
9500,9500,0,17.068047,31.633263
22321,22321,1,47.600388,-2.2441752
32904,32904,1,48.023075,-4.0966153
3214,3214,0,-32.244663,36.183243
15634,15634,1,-32.465046,1.3699373
10734,10734,1,-13.090661,-15.7567625
8357,8357,0,9.122545,7.960263
30572,30572,1,-35.994896,-1.1723533
720,720,0,6.4076576,14.406173
25178,25178,1,10.482826,-28.631302
27147,27147,1,-13.144872,-3.7770114
29058,29058,0,28.592651,1.987761
20169,20169,1,-11.338845,-20.424488
8939,8939,0,-4.9505224,8.570107
9213,9213,0,18.793753,27.402843
15871,15871,1,-31.394943,-33.17331
25567,25567,1,-17.351402,-5.409231
13791,13791,0,5.0388436,0.85910636
6725,6725,0,11.675533,46.30561
22175,22175,1,-16.597801,-15.39719
28470,28470,0,-13.830479,17.796751
10468,10468,1,-45.66296,3.556128
2813,2813,0,4.738932,18.023489
7571,7571,0,16.38225,45.525623
14605,14605,0,27.851301,11.659974
19001,19001,1,11.405569,-17.427988
20752,20752,1,-57.49577,-11.932185
10895,10895,1,-22.72047,-3.0181642
3098,3098,0,21.434948,-13.590793
346,346,0,-17.07525,18.133062
29025,29025,0,24.545973,24.338568
15637,15637,1,-31.57398,2.5718362
13114,13114,0,-5.1543913,6.122322
13019,13019,0,8.3654,14.008782
7607,7607,0,-8.752292,7.399618
22369,22369,1,12.44352,-14.384507
25806,25806,1,21.266201,-9.485456
8450,8450,0,6.111054,15.4963045
9763,9763,1,5.020835,-50.63291
16614,16614,0,-5.8147273,3.062852
902,902,0,-0.7203536,40.713165
32777,32777,1,45.67134,-2.8374772
8789,8789,0,14.840102,-0.8672338
424,424,0,25.84508,17.957996
15305,15305,1,33.119217,-37.759583
26302,26302,1,-21.0324,1.3856744
17575,17575,0,-50.790287,16.210356
20828,20828,1,-22.699438,1.3754925
29730,29730,1,23.419968,-1.9027613
11789,11789,0,11.10442,-11.33176
22759,22759,0,9.3049,54.5581
1522,1522,0,9.182111,18.059599
5589,5589,0,11.65592,39.44069
20139,20139,1,-17.84117,-12.633992
9587,9587,1,12.924124,-45.14771
33174,33174,1,-11.585067,-4.8523097
13425,13425,0,26.670149,19.990599
6538,6538,0,24.63935,-1.7559723
31977,31977,1,-17.18127,-26.54428
30965,30965,1,-14.704085,-7.045767
15314,15314,1,-0.6795567,-30.236603
22620,22620,0,0.52005,4.1543503
11970,11970,0,17.500303,-6.606264
30685,30685,1,-13.196036,-8.966404
13704,13704,0,-6.4626174,22.311993
11174,11174,0,18.224136,7.461953
17838,17838,0,-26.009819,12.837785
5165,5165,1,-16.763842,-22.391226
26264,26264,1,-5.137814,-46.137783
196,196,0,0.1988563,44.75457
3025,3025,0,-32.49366,36.37258
12369,12369,0,32.602917,14.326683
22025,22025,1,-22.28445,1.3300661
28604,28604,0,-16.445463,4.363806
25213,25213,1,-18.570171,-48.612328
22775,22775,0,2.0387225,39.891838
22992,22992,0,10.134056,56.095684
640,640,0,-13.984034,27.21305
7076,7076,0,27.74755,0.792407
15624,15624,1,-37.7419,6.477457
1862,1862,0,-31.084883,36.127773
15891,15891,1,-32.037807,-33.756367
18216,18216,1,-21.884068,1.2534496
4513,4513,1,-17.902288,-23.680164
4059,4059,1,-46.778034,-3.4940758
2002,2002,0,27.66073,5.671678
31161,31161,1,20.82934,-11.852202
22603,22603,0,0.74521166,33.64984
10352,10352,1,-45.51104,3.4725845
24977,24977,1,6.616424,-40.07058
19467,19467,1,-27.347221,1.3439511
14127,14127,0,31.546864,2.7837799
10710,10710,1,11.621391,-29.623077
30488,30488,1,-12.98217,-15.329246
5207,5207,0,-9.430791,7.017003
22410,22410,1,16.238459,-31.291498
29431,29431,1,0.3001771,-45.82714
8519,8519,0,10.511919,0.7251953
6651,6651,0,18.39844,-2.544944
12243,12243,0,31.413553,24.766575
32466,32466,1,47.03287,0.4829252
7223,7223,0,18.09988,8.845004
18530,18530,1,-24.758842,-16.415693
3722,3722,1,-25.571589,-16.677467
17548,17548,0,-30.347288,7.579143
24309,24309,1,18.454008,-35.066505
6255,6255,0,3.5455592,-3.334918
11296,11296,0,27.77604,-8.091124
9657,9657,1,2.0749006,-34.116272
4699,4699,1,47.33826,1.6568174
26431,26431,1,8.588953,-26.496332
11610,11610,0,-21.98978,-2.5211864
13442,13442,0,26.508045,25.656235
19696,19696,1,-20.606434,1.7470653
21555,21555,1,10.425612,-6.199596
1261,1261,0,8.476388,-32.694492
14252,14252,0,11.694592,-2.4286613
1370,1370,0,-31.321184,35.584576
28409,28409,0,-13.724513,17.895779
31020,31020,1,28.927685,-25.4404
27707,27707,1,-45.444225,-12.648348
18986,18986,1,32.49,-24.871086
32798,32798,1,12.989,-10.584939
32847,32847,1,-2.4410446,-29.636593
24381,24381,1,5.040664,-48.79527
13208,13208,0,30.81197,16.801674
24949,24949,1,11.047842,-32.37381
1650,1650,0,5.628938,50.135143
24479,24479,1,6.2056737,-41.116734
8340,8340,0,-6.645611,31.030952
17643,17643,0,-49.346718,14.643681
16146,16146,1,40.1391,-11.423036
8224,8224,0,12.558693,33.801426
2988,2988,0,-5.6052537,38.250526
5804,5804,0,20.312853,-1.1549754
9730,9730,1,5.6235824,-48.189503
23869,23869,0,8.577567,50.168556
23058,23058,0,10.590957,54.924786
5765,5765,0,15.98263,37.034092
16807,16807,0,10.434692,17.130615
19641,19641,1,-0.27441734,-39.80603
25444,25444,1,7.9554644,-34.217205
381,381,0,-1.077134,36.144066
1714,1714,0,8.217033,16.256424
30913,30913,1,-11.39521,-9.969798
24656,24656,1,5.1668057,-35.798565
284,284,0,-21.52525,1.3990482
25331,25331,1,0.67652816,-20.953508
16863,16863,0,27.754416,21.25215
1470,1470,0,-12.374377,39.24291
8859,8859,0,9.192749,27.632145
18812,18812,1,-1.704047,-36.56498
29565,29565,1,-17.855139,-14.060692
30057,30057,1,-31.320665,-22.077122
29727,29727,1,-16.996212,-13.115312
409,409,0,-7.555655,15.725077
13901,13901,0,32.950493,-3.7401733
27504,27504,1,-40.15371,-27.131336
24497,24497,1,6.3560863,-47.782448
3760,3760,1,-22.359655,-6.273109
25819,25819,1,9.97514,-7.5740232
32367,32367,1,-14.059607,-30.320517
15513,15513,1,0.8327862,-44.9966
10892,10892,1,-36.767944,-15.162781
23126,23126,0,-21.030834,6.4232836
28302,28302,0,-16.463411,-31.751034
15069,15069,1,-12.203637,-39.113537
29099,29099,0,0.8801035,9.430919
14607,14607,0,35.072536,11.120935
21959,21959,1,-17.364714,-27.134642
10717,10717,1,9.419329,-21.052856
7583,7583,0,21.594217,3.9301322
20955,20955,1,48.35289,0.9388209
29525,29525,1,-23.146599,-5.6279364
5446,5446,0,5.7344437,-0.28804687
26665,26665,1,-28.824533,-26.621355
16091,16091,1,-20.319414,-28.615623
32878,32878,1,-21.913975,2.0420253
28227,28227,0,3.65643,34.929356
22481,22481,1,-26.06631,7.241199
27039,27039,1,-3.628875,-2.6719337
5346,5346,0,26.106417,6.1048265
10331,10331,1,-13.647759,-25.827124
2404,2404,0,-1.1678499,-0.0016382242
28175,28175,0,0.66700965,6.5160823
977,977,0,8.387377,55.961834
11614,11614,0,12.441793,9.184301
21702,21702,1,36.78956,-7.9993596
5610,5610,0,14.290086,42.923412
24113,24113,1,-11.377133,-28.935593
28229,28229,0,4.4000597,14.599427
14976,14976,0,-8.356393,26.806398
16150,16150,1,-5.3233104,-28.23339
28339,28339,0,-8.539825,4.0960245
3256,3256,0,-0.15790881,43.49276
8703,8703,0,11.281398,3.5367978
21579,21579,1,31.587896,-25.35185
21430,21430,1,24.315239,-8.867673
3479,3479,0,33.426723,12.545799
30015,30015,1,-30.15087,-21.55352
4405,4405,1,-20.495216,5.068328
11690,11690,0,0.4265273,39.428482
4579,4579,1,17.436644,-16.043983
5379,5379,0,-1.3794816,26.93345
32202,32202,1,36.823406,-7.947175
25570,25570,1,-33.84013,13.420249
101,101,0,-11.3737335,14.577267
30132,30132,1,-17.829245,-33.810905
7197,7197,0,13.467923,5.54789
26645,26645,1,-7.0809736,-33.19401
22684,22684,0,7.6720486,7.075451
20504,20504,1,-22.998442,-31.11757
1566,1566,0,-16.80522,18.815275
7924,7924,0,12.948657,44.312515
14523,14523,0,35.065693,11.524752
26818,26818,1,8.233906,-22.938763
9385,9385,0,10.547201,31.601023
13080,13080,0,33.50042,23.431816
20799,20799,1,15.819672,-10.3653145
29360,29360,1,32.69107,-23.91895
16246,16246,1,33.83957,-23.693909
25510,25510,1,3.7923477,-20.976162
21355,21355,1,-42.925358,-1.6757413
9802,9802,1,20.138996,-17.418251
31043,31043,1,-18.583302,-8.730351
16231,16231,1,8.012554,-23.242228
27087,27087,1,5.7091055,-1.9393494
20259,20259,1,-29.975779,-8.721717
30324,30324,1,0.84744394,-44.980537
21341,21341,1,-47.57467,-1.7664329
24267,24267,1,42.387962,-2.4297354
21046,21046,1,1.6459168,-35.83731
11879,11879,0,-22.449453,25.300995
1805,1805,0,5.952579,19.12673
32344,32344,1,-29.199734,-18.279243
18221,18221,1,-20.815159,-11.689211
20984,20984,1,-22.29997,2.0079215
32023,32023,1,-43.7644,-2.1407986
29154,29154,0,-14.189172,16.80358
28262,28262,0,11.31146,8.335327
6319,6319,0,12.593989,31.222742
4987,4987,1,-12.171427,0.54433835
26234,26234,1,-0.5403069,-9.758503
2467,2467,0,-13.517564,27.394974
14802,14802,0,13.073039,2.5252187
10518,10518,1,-8.585582,-5.378875
33039,33039,1,-5.9187555,-10.6299715
21754,21754,1,-40.440407,-21.873688
10737,10737,1,8.770374,-13.362691
6250,6250,0,17.184336,7.6462965
3773,3773,1,8.078227,-19.870453
9355,9355,0,17.887247,37.68829
15103,15103,1,-28.676258,-4.1730313
27167,27167,1,6.0484004,-34.689106
10748,10748,1,-20.03262,-12.632423
5623,5623,0,14.157668,32.805622
16149,16149,1,-7.044795,-33.19715
5548,5548,0,16.270428,33.18204
16445,16445,1,7.147858,-12.438588
9528,9528,0,13.397033,31.580273
15467,15467,1,-30.362114,-21.650705
21725,21725,1,-11.881583,-5.393259
13584,13584,0,27.368988,19.723703
28932,28932,0,-8.532564,26.429617
12582,12582,0,22.835732,-5.813109
28369,28369,0,12.824303,-18.365795
26044,26044,1,-19.338057,-48.404404
14864,14864,0,13.420511,3.915183
11410,11410,0,38.045246,-1.6762114
30285,30285,1,-10.565553,2.090225
21193,21193,1,-11.439275,-23.395632
22528,22528,1,-18.90107,-27.980202
7314,7314,0,18.412313,-2.556817
13377,13377,0,-12.790545,6.6799135
7557,7557,0,15.755859,-25.337046
21943,21943,1,-57.609085,-12.587498
30254,30254,1,-18.901907,-16.984026
14415,14415,0,-22.064255,23.432384
3101,3101,0,-21.687532,-2.4587767
28116,28116,0,14.487123,3.9117725
4819,4819,1,6.2084475,-17.723354
14506,14506,0,26.857275,14.920775
19933,19933,1,-16.284468,1.0012147
31690,31690,1,-57.095707,-12.929845
10793,10793,1,-10.904086,-22.24279
31640,31640,1,-37.745216,6.4790015
19455,19455,1,12.606945,-14.924534
16034,16034,1,11.665746,-39.181797
28933,28933,0,23.29488,-3.3116784
2858,2858,0,19.408964,-22.535706
3165,3165,0,-2.6819417,40.473186
9590,9590,1,12.950243,-45.4737
32843,32843,1,9.095295,-15.122003
20302,20302,1,9.507243,-21.04279
2791,2791,0,4.129443,4.404982
14583,14583,0,9.672691,4.3652735
18591,18591,1,-17.068445,-10.918628
24465,24465,1,-1.4827014,-24.186537
11876,11876,0,30.696999,23.219196
31820,31820,1,-29.204805,-18.305067
3245,3245,0,2.886667,45.59376
16940,16940,0,26.213867,23.384039
7917,7917,0,8.9598,15.778999
7140,7140,0,28.79896,0.93600726
18405,18405,1,-11.4784155,-16.200705
21590,21590,1,-11.166663,-30.35929
1372,1372,0,-12.1900015,39.087307
28209,28209,0,-29.677437,34.705383
7064,7064,0,14.941658,24.017958
33169,33169,1,-14.684355,-32.573235
19747,19747,1,-4.117269,-38.925545
19408,19408,1,-10.1040325,-0.6037723
11882,11882,0,-0.13494162,27.202295
33714,33714,1,-17.31077,-8.476054
6216,6216,0,-2.6855612,19.337263
2805,2805,0,6.486487,55.137245
11594,11594,0,-4.0982018,4.433492
32132,32132,1,40.02684,-8.981484
28443,28443,0,5.049155,8.89201
16155,16155,1,-29.79359,-0.60475564
2471,2471,0,-17.592928,18.91609
31145,31145,1,21.147959,-12.792404
26865,26865,1,16.895567,-16.54257
21011,21011,1,-32.37679,-6.403575
8217,8217,0,11.866107,42.610992
13933,13933,0,25.902876,2.6289215
16016,16016,1,-16.256628,-2.9166193
3656,3656,0,22.232222,12.075867
25426,25426,1,47.817436,-2.4509926
878,878,0,7.603502,-3.8310688
22856,22856,0,-1.0770141,27.48934
16570,16570,0,3.2577326,42.36351
7405,7405,0,15.455382,12.250977
16271,16271,1,9.704458,-13.219708
13004,13004,0,6.581455,16.084463
29640,29640,1,-14.475396,-9.252373
13907,13907,0,28.445412,1.7427377
14002,14002,0,3.5085685,14.331843
14398,14398,0,30.941835,22.572449
11634,11634,0,26.598854,22.16218
5604,5604,0,0.016497618,-0.08472943
23163,23163,0,-8.551024,25.966175
25241,25241,1,-17.416441,-5.515619
33644,33644,1,-12.802281,-19.623102
18878,18878,1,-23.074883,8.728508
14939,14939,0,15.369251,-1.3780079
12953,12953,0,14.433655,4.0597258
21986,21986,1,-7.0208187,-33.15972
21463,21463,1,-58.32544,-12.6375885
23038,23038,0,8.093398,47.216908
19996,19996,1,-23.399862,8.497741
1035,1035,0,-13.996335,27.24609
6794,6794,0,-3.0823777,10.137909
2638,2638,0,5.0178576,52.415585
16520,16520,1,-32.08493,11.879584
13650,13650,0,30.57529,18.716629
57,57,0,-9.752394,13.937961
15964,15964,1,10.597763,-14.80522
30775,30775,1,3.1451373,-0.84795827
29251,29251,1,-46.743984,-1.3233012
32384,32384,1,-41.17302,-23.787983
19134,19134,1,10.741303,-17.02792
13069,13069,0,27.672682,3.054516
13260,13260,0,30.751987,22.398352
5689,5689,0,12.309236,13.666051
17324,17324,0,-49.31324,15.255427
11918,11918,0,27.645237,23.75082
20060,20060,1,-14.88517,-19.54088
1453,1453,0,-30.827812,36.936825
8329,8329,0,21.538046,-3.9468193
21044,21044,1,-22.997097,-31.122807
31474,31474,1,47.63256,1.9541119
12914,12914,0,21.25292,8.409166
17882,17882,0,-30.347015,7.573699
11154,11154,0,13.809947,-8.143385
3105,3105,0,-5.9301586,38.08934
8805,8805,0,15.048815,46.15376
25053,25053,1,40.33308,-2.4604316
32276,32276,1,-30.673464,-0.19771722
476,476,0,6.5924206,50.322285
12451,12451,0,-10.255614,28.417389
19723,19723,1,-22.813282,2.1617
29700,29700,1,-22.728827,-22.016811
5901,5901,0,2.989367,7.013471
7972,7972,0,20.45598,-1.3270217
22764,22764,0,21.538605,3.3006666
30895,30895,1,33.126232,-37.37284
24727,24727,1,-11.979819,-16.621725
3194,3194,0,-9.080404,12.208461
29406,29406,1,-46.254932,-6.5440707
13633,13633,0,-23.065683,25.114386
26572,26572,1,-34.40315,13.9377165
11141,11141,0,-4.5362716,4.31321
10287,10287,1,-4.8866234,-32.355717
10437,10437,1,-12.470242,-19.167858
3043,3043,0,3.040313,18.469995
13631,13631,0,32.65456,-4.1964083
24332,24332,1,-17.93317,-6.722384
1720,1720,0,-20.945093,-4.160207
13303,13303,0,30.136309,15.642078
32573,32573,1,39.7933,-3.1093426
16160,16160,1,40.52065,-10.525482
11370,11370,0,25.498495,16.154587
12687,12687,0,-33.650333,14.07338
7867,7867,0,-3.693715,2.734546
15253,15253,1,-1.6689283,-1.095899
31388,31388,1,6.2056627,-17.710627
22866,22866,0,21.771498,2.512689
291,291,0,-2.4754367,40.633266
3315,3315,0,30.712957,2.953971
13145,13145,0,6.789278,8.530354
17818,17818,0,-26.0098,12.837785
13281,13281,0,18.50234,-7.2563877
3608,3608,0,5.7394485,7.417594
24100,24100,1,-0.16918656,-38.748085
17223,17223,0,27.705967,22.668907
1346,1346,0,-7.3922157,-6.102508
32617,32617,1,11.101017,17.218607
21244,21244,1,-24.952902,-13.376648
15239,15239,1,-17.936949,10.110208
10207,10207,1,1.3848728,-24.888052
21698,21698,1,32.411236,-20.141954
16383,16383,1,-36.4846,-8.154312
1310,1310,0,3.8738735,47.584934
5515,5515,0,12.274311,6.731006
29776,29776,1,-34.397873,14.084731
29174,29174,0,29.819077,18.489182
18529,18529,1,4.0733924,-40.983738
24981,24981,1,13.048666,-12.595154
10528,10528,1,-3.3234355,-13.984212
9421,9421,0,18.251696,33.488586
25847,25847,1,-4.949571,-3.7440104
29767,29767,1,-4.3633494,-23.457968
25694,25694,1,2.7692115,-11.860414
15432,15432,1,-23.24946,8.09756
17836,17836,0,-26.009819,12.837785
21877,21877,1,-7.238986,-13.765001
21533,21533,1,17.324715,-15.574419
11913,11913,0,34.37705,24.330708
22779,22779,0,25.377764,5.758356
1247,1247,0,0.0055246353,44.031807
30185,30185,1,32.850174,-25.103159
351,351,0,6.1073556,11.020603
14063,14063,0,5.9108477,2.0661514
7980,7980,0,-0.00514862,26.22167
13927,13927,0,32.894608,-4.089194
13166,13166,0,33.27793,-5.112874
27959,27959,0,3.3932111,12.1221485
8960,8960,0,15.792505,37.875633
10483,10483,1,-46.260227,-21.80902
10087,10087,1,13.076962,-3.5015442
10751,10751,1,-20.309874,-4.8111434
8206,8206,0,13.014393,37.653774
23459,23459,0,7.0365868,45.56904
7498,7498,0,-4.4435124,18.897434
27004,27004,1,-40.58633,-26.198181
23888,23888,0,27.95041,15.457835
25699,25699,1,-32.198586,-32.39139
29825,29825,1,-14.6164,0.21608132
1350,1350,0,7.0897894,56.47597
17127,17127,0,-9.281772,-10.309616
25421,25421,1,-45.301243,3.7721539
8755,8755,0,-7.0219913,31.033998
24572,24572,1,4.591865,-36.491276
13071,13071,0,33.87838,22.491196
4416,4416,1,11.154835,-29.577713
25401,25401,1,-5.7900186,-2.6567743
18538,18538,1,-20.846067,-27.688826
24547,24547,1,3.4646528,-33.233395
26444,26444,1,3.7868621,-20.978085
22552,22552,0,26.273579,6.0997767
21749,21749,1,4.4946427,-10.711512
26421,26421,1,-6.152832,-17.031689
32544,32544,1,9.173301,-14.283069
33643,33643,1,-2.420064,-26.81188
6850,6850,0,10.736365,53.042824
10041,10041,1,-3.6404676,-19.140352
4096,4096,1,-16.974115,-24.170553
149,149,0,-2.5056849,40.578297
4602,4602,1,-46.018066,-2.1208472
14072,14072,0,32.010185,25.578064
32076,32076,1,-21.649916,4.037157
1411,1411,0,6.13778,3.904247
22586,22586,0,22.659492,6.4294276
25052,25052,1,40.045895,-9.357069
27591,27591,1,31.916386,-36.0833
15858,15858,1,-20.630499,-21.392212
21746,21746,1,40.23648,-11.6119375
22205,22205,1,-22.211002,-22.458933
18644,18644,1,31.272943,-21.578856
19837,19837,1,-26.000275,-16.223684
29979,29979,1,-32.407364,1.417852
31760,31760,1,-20.81609,-0.009524522
23159,23159,0,26.128397,5.706954
21621,21621,1,-15.549267,-28.524683
2715,2715,0,-0.7266105,15.050173
9012,9012,0,25.436508,-7.9429264
10421,10421,1,12.127159,-28.466629
21782,21782,1,-16.028625,-30.965454
29983,29983,1,19.427359,-14.3362465
3578,3578,0,-0.64893866,26.910404
24386,24386,1,0.52055174,-26.724415
26976,26976,1,8.770374,-13.362691
15814,15814,1,37.083187,-8.189618
20914,20914,1,32.23359,-23.001768
26443,26443,1,3.7876492,-20.976933
25009,25009,1,-23.216146,2.354996
6946,6946,0,10.1909895,44.31135
9275,9275,0,7.8513207,2.483983
1984,1984,0,5.5769396,18.85876
11705,11705,0,3.4813356,2.2201433
450,450,0,23.289845,1.9575475
4609,4609,1,-24.958645,-11.456745
13462,13462,0,18.332348,-5.570747
20214,20214,1,-24.262413,4.840267
3099,3099,0,-31.888248,36.617966
6881,6881,0,12.586505,-0.35746652
16214,16214,1,33.11948,-23.133701
9530,9530,0,23.195824,19.57306
7437,7437,0,9.837038,54.17505
31186,31186,1,-18.421535,-29.762115
19268,19268,1,12.393796,-18.104668
22958,22958,0,9.263429,52.552456
16790,16790,0,-17.710785,7.647502
2189,2189,0,-7.8046336,11.521656
673,673,0,2.866138,44.04857
11332,11332,0,4.126586,46.645035
29463,29463,1,-24.001476,-12.944888
5444,5444,0,26.918728,4.4557033
18475,18475,1,-15.711626,-19.10163
387,387,0,9.472394,56.991386
1475,1475,0,-13.517564,27.394974
9265,9265,0,18.889412,27.001884
3719,3719,1,-21.815754,-0.3911736
25856,25856,1,-15.4697,-0.34119847
5895,5895,0,13.561491,42.097126
12475,12475,0,29.616581,20.5782
21553,21553,1,-30.106949,-0.25376198
25676,25676,1,-45.652035,3.8134468
25208,25208,1,-18.655012,-48.929207
31535,31535,1,29.5219,-23.139235
18743,18743,1,-8.9956665,-16.739525
26911,26911,1,-40.793705,-26.76528
31130,31130,1,-31.355648,2.2493958
2453,2453,0,-0.93236214,27.5867
9746,9746,1,5.078081,-50.16954
19210,19210,1,2.8403845,-12.240766
14622,14622,0,31.988148,16.07797
26229,26229,1,-0.55297446,-9.735157
17217,17217,0,17.953663,-5.157398
9235,9235,0,17.783072,37.65774
3893,3893,1,-22.853611,3.6412518
23529,23529,0,-2.8026469,33.76195
10299,10299,1,-12.906263,-1.6669618
25771,25771,1,-18.872343,-49.09958
30442,30442,1,-10.175653,-3.0767624
23317,23317,0,8.6858635,57.893585
11925,11925,0,15.910261,0.14275791
31038,31038,1,-12.103706,-26.32863
25294,25294,1,3.7884097,-20.976456
23492,23492,0,6.113245,47.19934
33313,33313,1,-13.269149,-27.886185
19914,19914,1,-24.479546,5.087009
28105,28105,0,23.56977,5.225647
29972,29972,1,-15.366818,-10.357931
24677,24677,1,29.44521,-8.643162
13370,13370,0,24.172575,7.180351
20744,20744,1,-12.189027,-39.61051
26311,26311,1,-45.993587,-22.310022
28170,28170,0,-15.679685,14.953625
10265,10265,1,-10.892235,-17.490362
23334,23334,0,12.576283,-2.6747222
19022,19022,1,-25.825796,3.4411817
28523,28523,0,8.205511,18.608467
5419,5419,0,-10.282558,-26.398314
17461,17461,0,-50.4034,15.070329
17188,17188,0,26.506866,23.246075
14520,14520,0,3.77219,27.51583
17726,17726,0,-50.383125,16.938284
16635,16635,0,25.11766,20.482996
31970,31970,1,20.075459,-10.996321
16880,16880,0,-5.0552425,6.612616
10881,10881,1,7.7382255,-24.7423
31691,31691,1,43.388046,-2.7446117
20008,20008,1,16.235563,-31.296215
12769,12769,0,18.55037,7.970964
2150,2150,0,1.1045444,29.022562
9716,9716,1,5.994797,-48.492683
30568,30568,1,-27.250256,-7.2631216
5179,5179,0,-9.632173,6.6839175
20049,20049,1,-31.632975,1.1702733
32033,32033,1,46.331432,-3.6125736
21004,21004,1,-22.47861,-0.29375982
33418,33418,1,-0.13399987,23.737795
31540,31540,1,47.65766,1.9805378
29620,29620,1,-46.25494,-6.544077
22674,22674,0,23.127861,0.746852
20425,20425,1,0.40163484,-17.56741
17958,17958,0,-51.508236,15.107445
32652,32652,1,-19.875397,-17.62411
29543,29543,1,-47.717434,-2.6812885
7893,7893,0,7.3120766,3.0153391
15829,15829,1,-27.425886,-11.605569
22195,22195,1,-42.71438,-22.505636
24273,24273,1,-4.472321,-27.019798
25473,25473,1,20.959206,-36.245586
13103,13103,0,33.886337,20.694443
7744,7744,0,12.267946,41.499092
18508,18508,1,-21.817862,-14.756795
23432,23432,0,8.610304,57.97004
27231,27231,1,-36.766907,-15.154027
18775,18775,1,-20.27975,-11.434658
26697,26697,1,-3.6412733,-19.140373
22244,22244,1,33.14535,-23.936398
23760,23760,0,8.224884,18.630915
17703,17703,0,-50.46453,16.147396
18579,18579,1,-9.689459,-24.240604
25153,25153,1,-0.55002886,-9.743659
7550,7550,0,20.194654,-7.320947
15333,15333,1,31.663858,-37.503265
31826,31826,1,-37.742413,6.4787498
16184,16184,1,31.568453,-24.569574
30740,30740,1,-4.607194,-30.574123
3532,3532,0,27.0785,15.671323
27347,27347,1,-25.110735,-4.0833135
31497,31497,1,1.3773427,-24.876543
2084,2084,0,14.67352,2.7753153
10595,10595,1,21.379229,-36.26548
99,99,0,-2.3483584,40.583782
29242,29242,1,-4.1210375,-38.92596
17325,17325,0,-49.31324,15.255427
2099,2099,0,4.6525693,49.358654
28169,28169,0,-6.9746847,-5.469138
15160,15160,1,-21.936298,-7.0260735
15290,15290,1,9.658725,-6.3454695
4336,4336,1,-0.6561605,-30.238087
31594,31594,1,45.605736,-3.692482
29610,29610,1,-4.2615724,-32.03103
17520,17520,0,-48.581333,14.453344
23298,23298,0,39.56219,-1.7328699
2673,2673,0,-0.07844908,26.37237
28791,28791,0,32.809444,15.739493
5206,5206,0,-9.509783,6.9465365
33522,33522,1,-40.848206,-26.081867
13793,13793,0,32.830135,22.131685
5000,5000,1,16.238894,-31.279844
5504,5504,0,-13.537178,4.1636515
22362,22362,1,3.9492645,-37.971237
25716,25716,1,-19.382282,-48.820892
14139,14139,0,23.052704,12.170522
2177,2177,0,3.6802185,44.387985
19003,19003,1,-23.151022,3.282035
18781,18781,1,13.04901,-9.440896
31489,31489,1,47.09515,-3.3755217
14938,14938,0,4.0109277,4.195028
19790,19790,1,-22.324543,3.2582266
7068,7068,0,7.2718964,-1.873318
18352,18352,1,-25.053617,-16.06544
26070,26070,1,-3.3255727,-14.330921
19932,19932,1,10.123662,-10.796162
23414,23414,0,9.204137,6.921976
17177,17177,0,2.1461768,18.942162
20727,20727,1,12.512131,-11.882516
10642,10642,1,32.642334,-37.43743
17248,17248,0,16.892147,-4.7218976
3445,3445,0,21.903927,-12.772672
33477,33477,1,-18.128237,-29.11896
16238,16238,1,-19.860224,-17.643513
3204,3204,0,-17.497847,18.710993
22954,22954,0,-14.450928,7.572034
8575,8575,0,5.6208153,41.823257
13358,13358,0,32.639362,-4.299763
11496,11496,0,-8.28283,-12.375333
4157,4157,1,-46.25494,-6.544077
18827,18827,1,-23.257671,-5.5272303
33338,33338,1,12.02975,-16.494339
6291,6291,0,-16.21222,-27.837564
2271,2271,0,7.1678786,55.809002
17055,17055,0,17.328663,-4.7536974
11664,11664,0,26.547533,17.375002
290,290,0,1.962948,-6.811183
4706,4706,1,-20.350235,2.9651365
4407,4407,1,-23.452055,8.563424
22110,22110,1,-8.64138,-21.8668
7777,7777,0,18.094606,32.895397
25114,25114,1,30.612312,-23.904633
4492,4492,1,-19.759556,-17.780308
20743,20743,1,16.235357,-31.29191
3268,3268,0,3.8515751,7.1717396
14470,14470,0,8.389253,-0.44950384
9416,9416,0,17.12593,34.73801
11961,11961,0,23.769493,13.621522
518,518,0,14.290703,8.630972
20634,20634,1,10.71341,-28.634851
32456,32456,1,21.283962,-9.425245
25268,25268,1,46.49052,-2.9118786
1530,1530,0,-30.827812,36.936825
19967,19967,1,-25.58348,1.0747297
7807,7807,0,1.6708783,32.8648
735,735,0,9.263459,57.739563
8976,8976,0,12.973651,44.48817
24208,24208,1,19.071123,-16.153053
6978,6978,0,13.740466,46.701015
10579,10579,1,-14.6171055,-21.027134
12251,12251,0,-9.4231,25.135307
12215,12215,0,24.146143,23.11562
28179,28179,0,16.041733,-8.158365
19822,19822,1,-28.887838,-16.722673
7056,7056,0,8.90897,39.437553
9202,9202,0,16.969515,38.32636
32788,32788,1,-8.623184,-20.976074
7687,7687,0,14.808058,45.512936
15947,15947,1,-19.816187,-17.805868
6102,6102,0,14.242703,36.177834
23797,23797,0,14.408274,6.2792635
6812,6812,0,8.070238,39.908646
19582,19582,1,-21.132282,2.4051018
24574,24574,1,5.0074534,-50.783886
13293,13293,0,33.625263,-5.99867
31864,31864,1,46.54433,0.6109824
30915,30915,1,-32.434425,-33.157402
12022,12022,0,0.77893305,26.136457
26741,26741,1,-10.34179,-4.268719
29171,29171,0,25.373857,-1.4784069
3492,3492,0,29.467655,17.228613
10014,10014,1,-13.479604,-17.37023
15993,15993,1,30.76541,-24.623713
33115,33115,1,-42.846676,-22.511469
5168,5168,1,-22.468271,3.8345478
3956,3956,1,-21.23046,1.8445164
1889,1889,0,-10.408436,13.026424
19453,19453,1,-18.523531,-29.989025
15470,15470,1,11.096695,-18.1788
11821,11821,0,14.607251,2.1586766
24650,24650,1,30.06519,-21.956678
30963,30963,1,3.7966444,-14.763942
6863,6863,0,11.608425,4.4519625
22850,22850,0,2.6927476,14.2619505
8302,8302,0,8.290595,28.061165
18790,18790,1,44.536835,-1.4514784
19568,19568,1,-24.794165,0.6347727
2701,2701,0,-32.20582,35.954178
18307,18307,1,-10.586581,-0.94418615
25733,25733,1,32.588715,-36.428905
26328,26328,1,-33.427185,12.354606
21376,21376,1,-15.014468,6.754222
5475,5475,0,14.859244,47.960056
25374,25374,1,20.91743,-36.691612
32735,32735,1,39.793953,-12.198084
29674,29674,1,-31.570642,11.288396
6896,6896,0,14.096755,35.040497
30893,30893,1,-16.124516,-2.7587504
23147,23147,0,24.105001,5.9644012
7562,7562,0,9.553012,0.8684758
26582,26582,1,6.2223406,-32.10665
6165,6165,0,5.2505665,41.49347
15483,15483,1,-32.998386,-5.932776
18970,18970,1,43.06098,-2.2526681
4714,4714,1,7.207023,-42.463062
22474,22474,1,-12.562738,-5.3093987
31527,31527,1,-32.504974,-33.32203
15902,15902,1,-58.47115,-12.803827
4835,4835,1,46.707317,-4.021052
32323,32323,1,32.18826,-24.359312
20424,20424,1,-14.856841,-12.726678
251,251,0,9.514598,-30.050358
9010,9010,0,8.316584,-41.341183
533,533,0,-14.978946,16.331781
4392,4392,1,-28.141773,-15.458614
18941,18941,1,-45.466698,-4.1128488
23926,23926,0,-22.480173,24.87983
2034,2034,0,-12.553686,39.226543
19162,19162,1,16.69203,-9.992931
15734,15734,1,47.4027,-4.8506083
10516,10516,1,-28.824533,-26.621355
18495,18495,1,7.6644206,-15.22453
1119,1119,0,-5.884689,13.259882
9753,9753,1,20.555536,-17.328602
26260,26260,1,3.425026,-43.336536
16119,16119,1,14.840109,-40.005848
3999,3999,1,-46.778034,-3.4940758
18849,18849,1,-28.680845,20.255146
27187,27187,1,11.560845,-5.0033197
3058,3058,0,2.3606348,46.227093
12363,12363,0,34.337456,22.230932
9389,9389,0,3.0848258,-0.5060226
24612,24612,1,5.020835,-50.63291
14086,14086,0,-22.67291,25.688303
11055,11055,0,27.731865,-8.5856
7839,7839,0,6.3791857,1.7620345
22449,22449,1,-25.793365,6.522241
3615,3615,0,31.888088,20.146925
25927,25927,1,-18.960257,-48.248646
19347,19347,1,-17.520193,-29.47691
7112,7112,0,15.880035,35.505672
10961,10961,1,-45.365063,-12.306041
22143,22143,1,-7.048614,-7.9094963
12360,12360,0,0.7184856,39.725586
25477,25477,1,21.466728,-36.48433
23475,23475,0,-2.7597399,19.363297
3087,3087,0,35.033424,15.382051
30402,30402,1,32.732662,-24.125183
17601,17601,0,-49.35784,14.643585
9226,9226,0,7.3836794,39.2069
17038,17038,0,-0.610082,2.2579327
3795,3795,1,-46.214348,-3.2145987
19719,19719,1,-22.612928,5.797778
29894,29894,1,-4.3339763,-23.442913
16194,16194,1,7.63943,-42.093567
29247,29247,1,-10.706859,-17.28509
12634,12634,0,29.115679,19.039211
18163,18163,1,-3.6936085,-1.2243172
28715,28715,0,1.424309,-3.1275022
23101,23101,0,0.23186584,4.684968
27955,27955,0,-27.814615,34.306995
411,411,0,3.290976,48.05509
22935,22935,0,4.447301,44.89636
17848,17848,0,-26.009813,12.837796
33197,33197,1,0.8334351,-45.036396
22707,22707,0,-21.602009,24.45897
7393,7393,0,14.220756,45.761433
16883,16883,0,9.755672,12.820432
28618,28618,0,-29.130888,31.848543
2308,2308,0,0.6868487,40.732964
14562,14562,0,31.19787,25.740232
5276,5276,0,-15.823891,-9.405592
20080,20080,1,-26.595968,-13.889689
19712,19712,1,-19.354435,0.46431798
4534,4534,1,3.486378,-15.46814
24823,24823,1,0.45742485,-26.639898
8565,8565,0,2.913648,15.307394
31260,31260,1,30.546915,-25.568108
6366,6366,0,17.13317,31.943249
15748,15748,1,-32.16831,-32.535175
25329,25329,1,-3.5547242,-14.116151
30892,30892,1,14.266519,-39.54951
21141,21141,1,-31.511208,2.242773
31389,31389,1,-37.742874,6.4790325
33065,33065,1,-2.443092,-29.641533
26168,26168,1,-0.5517496,-9.738148
17008,17008,0,-9.311544,-0.14340262
21293,21293,1,-1.297394,-0.63933986
21207,21207,1,-4.415415,-23.533339
18013,18013,0,-51.881462,15.856203
21703,21703,1,39.932194,-11.514886
4652,4652,1,48.535816,2.2602823
907,907,0,4.8904004,54.65684
19482,19482,1,31.969645,-37.95687
24379,24379,1,8.804415,-31.880892
28838,28838,0,34.406612,-7.319502
7588,7588,0,10.906266,14.046974
32213,32213,1,14.85336,-39.910984
1090,1090,0,-17.968637,7.1378746
1087,1087,0,1.1514206,41.84507
13706,13706,0,31.376057,16.747557
20835,20835,1,-24.958597,-11.456707
24291,24291,1,15.013673,4.594331
19487,19487,1,30.973019,-23.430485
17764,17764,0,-26.009556,12.837848
29980,29980,1,-31.980963,1.2966408
2480,2480,0,0.9242072,13.39653
16073,16073,1,-41.060207,-23.475828
5648,5648,0,10.581629,44.123093
1393,1393,0,-30.593016,35.90397
8348,8348,0,14.141187,32.91805
15411,15411,1,2.9889753,-43.59065
12774,12774,0,23.138496,3.0740092
24061,24061,1,17.02992,-15.749491
3785,3785,1,-11.522471,-12.584856
24658,24658,1,3.7959898,-32.59986
7432,7432,0,8.846766,44.53837
24169,24169,1,15.097529,-21.01017
11945,11945,0,-22.313808,25.257961
28870,28870,0,24.649874,20.05513
27150,27150,1,-2.420064,-26.81188
5394,5394,0,5.999891,10.237111
24709,24709,1,4.4937687,-37.62607
21351,21351,1,22.482277,-12.110113
3731,3731,1,0.88815975,-16.6504
19502,19502,1,-7.863541,-1.2877964
19900,19900,1,-22.63488,2.8371153
19724,19724,1,-25.349918,3.3362765
25553,25553,1,-4.943203,-26.291475
13730,13730,0,32.81596,-3.7019875
14353,14353,0,9.933458,4.4569955
24330,24330,1,12.951449,-45.40743
26137,26137,1,-0.55974364,-9.716507
22086,22086,1,8.731356,-3.8943748
33360,33360,1,-45.34865,3.5180874
21085,21085,1,17.466932,-12.579037
30949,30949,1,-32.043167,12.495407
23270,23270,0,1.2196149,9.668724
8856,8856,0,2.5006716,7.844708
26955,26955,1,-2.7546701,-5.652337
27789,27789,0,30.69077,4.2808037
29295,29295,1,-4.2518983,-38.929153
22274,22274,1,-21.472609,-21.9292
21837,21837,1,-22.96582,-10.058934
26544,26544,1,-45.46685,-21.609783
8182,8182,0,14.828867,37.54362
18689,18689,1,-1.816139,-26.57353
3193,3193,0,6.717275,13.462429
27099,27099,1,-6.0739794,-16.015247
6193,6193,0,12.927277,47.01734
19488,19488,1,10.7060795,-8.80496
6179,6179,0,2.1293597,23.729168
15991,15991,1,-0.058552057,-16.641005
20209,20209,1,-22.629055,-30.693933
30652,30652,1,7.078861,-9.182433
9281,9281,0,15.458687,28.876652
12598,12598,0,9.318092,18.020273
18761,18761,1,-28.681108,20.25488
5988,5988,0,-5.2980285,-5.656103
6247,6247,0,10.797397,6.472586
11205,11205,0,19.869646,33.383274
33249,33249,1,-31.823893,-12.598313
4838,4838,1,18.736265,-9.045398
27702,27702,1,-45.40129,-12.677933
26338,26338,1,-15.158434,-14.172553
23112,23112,0,22.19278,1.2021109
16442,16442,1,-34.352345,13.890121
1418,1418,0,-30.406675,36.36531
10058,10058,1,-44.655777,-22.213581
5438,5438,0,10.452718,11.163018
15825,15825,1,45.751945,-3.8592858
10671,10671,1,42.39715,-2.5716116
11737,11737,0,21.30657,8.398069
6784,6784,0,-4.243782,9.516172
22437,22437,1,0.106777795,-35.31354
20946,20946,1,-7.3948298,-13.650832
7499,7499,0,-2.7615368,19.372957
9272,9272,0,28.290852,-8.884556
4643,4643,1,39.635242,-3.3824706
16299,16299,1,-34.842934,-7.271637
17941,17941,0,-51.82053,15.435556
11159,11159,0,-6.389634,27.274717
15751,15751,1,-10.61304,0.04571306
14723,14723,0,11.240977,15.48903
13717,13717,0,31.663134,22.211773
7576,7576,0,5.5259485,41.44856
1557,1557,0,-5.043703,37.96412
33206,33206,1,10.820399,-20.78682
23248,23248,0,-4.4295683,24.756044
19617,19617,1,-11.988731,-13.522798
1768,1768,0,-31.35667,35.587906
6459,6459,0,9.029786,53.87726
33220,33220,1,-11.82688,-29.533274
23941,23941,0,5.310805,42.866253
795,795,0,2.313434,5.6331406
22638,22638,0,0.16355322,25.970327
7673,7673,0,13.00069,2.659963
26322,26322,1,-5.725537,-7.357703
14456,14456,0,33.54071,22.138851
14231,14231,0,31.181568,25.054749
1166,1166,0,-9.780202,13.126847
18982,18982,1,4.1439013,-41.21583
25683,25683,1,-5.4933453,-2.5703142
17574,17574,0,-51.267017,16.124733
21267,21267,1,24.31511,-8.8667555
19754,19754,1,-28.744625,-16.83789
30631,30631,1,-31.309566,-22.070986
23910,23910,0,25.031353,21.19887
30262,30262,1,-14.246882,-4.457924
22166,22166,1,-31.823893,-12.598313
13006,13006,0,-0.65985847,36.90722
10824,10824,1,-17.829245,-33.810905
2629,2629,0,4.954288,52.28374
29192,29192,0,-15.599694,15.120646
14459,14459,0,31.171099,24.208677
3576,3576,0,16.677721,9.720603
17564,17564,0,-30.428257,7.4064064
9121,9121,0,18.460953,30.056383
15118,15118,1,10.09514,-9.72621
16247,16247,1,32.998962,-36.669792
29367,29367,1,33.600964,-24.63434
22301,22301,1,-39.94196,-27.38774
15530,15530,1,-9.378805,-10.005728
9869,9869,1,12.960438,-45.5205
10709,10709,1,2.9662611,-18.123796
29334,29334,1,-24.766588,-23.476208
13894,13894,0,4.161734,2.3198893
8972,8972,0,7.4913287,41.201817
10102,10102,1,-45.60678,-22.295378
17034,17034,0,8.949554,9.17726
13549,13549,0,30.552805,16.504642
8377,8377,0,5.9632845,43.24991
10491,10491,1,-4.8879266,-32.356136
19438,19438,1,-24.127363,-14.305909
33108,33108,1,-7.4547434,-4.3270817
17284,17284,0,-50.02179,15.806078
30522,30522,1,-16.339508,2.357703
4550,4550,1,-58.02045,-11.97231
20257,20257,1,19.106247,-15.467818
6499,6499,0,11.889239,7.6597495
31215,31215,1,48.5394,2.25262
13068,13068,0,1.3553636,0.52140844
12617,12617,0,32.431076,-4.3416877
28101,28101,0,2.424208,35.510727
11263,11263,0,23.592072,-5.5934877
31947,31947,1,-8.788638,-22.517977
18429,18429,1,-12.196446,-27.292152
1921,1921,0,-0.28585967,43.51441
27675,27675,1,-45.182804,-12.69573
18063,18063,1,-4.114636,-10.072589
26411,26411,1,-21.883074,-7.5092325
4769,4769,1,-16.774147,-20.375435
862,862,0,-11.184525,38.99498
32183,32183,1,46.341038,-4.992296
22904,22904,0,17.52757,9.65002
6418,6418,0,12.53024,32.482986
9249,9249,0,16.334929,33.06895
1210,1210,0,1.6645681,18.433706
2998,2998,0,-27.884863,32.981388
27972,27972,0,34.319534,-7.1958427
23809,23809,0,3.5590491,27.47829
28866,28866,0,16.206564,-25.261957
327,327,0,-8.607669,13.9172945
33446,33446,1,-43.842163,-22.661884
9801,9801,1,6.2435184,-41.077904
2579,2579,0,19.11349,7.1401935
33401,33401,1,32.034073,-36.684017
357,357,0,1.6275378,23.800667
10036,10036,1,20.848639,-36.492573
2798,2798,0,-32.421062,37.295357
27550,27550,1,-6.988286,-2.587736
15872,15872,1,-31.80909,-33.588177
16683,16683,0,2.509152,3.6100998
31506,31506,1,-57.873528,-13.184208
8999,8999,0,25.032845,-4.664607
21982,21982,1,-8.201828,-13.336709
6080,6080,0,-6.196496,0.6939815
29220,29220,1,-47.617744,-2.0040011
13573,13573,0,7.4051695,10.623722
21280,21280,1,-15.014468,6.754222
19987,19987,1,4.8690085,-37.139206
9262,9262,0,16.664434,-1.4595182
10649,10649,1,-6.116425,-7.4309688
16275,16275,1,10.086323,-13.452388
1836,1836,0,6.864759,49.26602
15098,15098,1,-12.217128,-39.130005
7545,7545,0,16.378384,45.521236
566,566,0,-17.118507,17.830997
729,729,0,-5.220802,13.669407
10616,10616,1,-6.716092,-9.661967
25863,25863,1,20.806444,-17.393185
123,123,0,16.110144,5.6875877
16090,16090,1,-15.404439,-28.399664
16036,16036,1,14.522406,-39.695084
10217,10217,1,-5.9582,-5.924052
7057,7057,0,11.770227,0.45049694
15003,15003,0,34.670666,23.174294
20622,20622,1,-26.181913,3.7137496
1056,1056,0,4.3887553,53.506783
28508,28508,0,-22.764286,-2.1269662
28789,28789,0,0.013927702,33.674915
14519,14519,0,21.329948,3.7865481
23653,23653,0,13.889445,23.317432
23608,23608,0,8.175719,14.845902
20355,20355,1,3.575733,-14.177433
33264,33264,1,-12.232894,-22.851421
8388,8388,0,6.5908704,44.427505
32334,32334,1,-12.60956,-29.157997
5619,5619,0,28.999573,-6.933977
11801,11801,0,-2.9510992,19.304682
27895,27895,0,3.8912337,31.079126
9603,9603,1,31.92983,-23.373844
27620,27620,1,-45.429657,-12.350188
2126,2126,0,0.37913376,40.836445
6530,6530,0,5.058252,10.322756
1870,1870,0,-30.515594,35.431396
11994,11994,0,34.862072,24.572493
24488,24488,1,6.3361745,-48.728275
21271,21271,1,16.89759,-13.095017
29823,29823,1,-4.877212,0.15595777
7786,7786,0,15.034061,28.56438
16942,16942,0,25.118343,-9.951098
10918,10918,1,-40.357777,-27.017197
19670,19670,1,-27.057508,-16.627703
9800,9800,1,15.367832,-20.632013
32228,32228,1,-16.304607,-30.06163
27413,27413,1,-25.827446,-4.9339666
9040,9040,0,4.717417,-42.853546
17394,17394,0,-49.91081,16.572212
11692,11692,0,5.481355,14.055702
13504,13504,0,-0.1258226,6.771565
2360,2360,0,-7.955137,12.183021
9090,9090,0,9.655576,-2.4695852
33071,33071,1,48.431236,1.1781743
12345,12345,0,27.348785,16.234669
12379,12379,0,25.166063,22.493254
4880,4880,1,10.49356,-10.414333
11153,11153,0,13.415498,5.0061793
30224,30224,1,-10.118377,-5.3213153
14606,14606,0,27.86679,11.753074
27907,27907,0,29.514908,1.726462
31732,31732,1,-4.145368,-31.27973
24604,24604,1,5.158724,-50.015827
5321,5321,0,13.989604,-7.7595935
6633,6633,0,10.139688,13.729427
3589,3589,0,9.453298,-30.346277
6344,6344,0,14.959289,44.920395
25643,25643,1,-45.339478,3.8392267
13321,13321,0,-10.514456,27.547903
29788,29788,1,1.508675,-13.943757
25753,25753,1,20.40052,-9.22139
10144,10144,1,9.379799,-11.80475
29759,29759,1,-28.876696,-16.713087
26488,26488,1,-3.3234355,-13.984212
9555,9555,1,13.113466,-45.995365
11561,11561,0,11.397806,2.9544232
5122,5122,1,-20.351791,2.4542346
4408,4408,1,-12.816558,-7.4827375
27659,27659,1,-45.10023,-12.50166
2935,2935,0,1.2499266,39.95875
28667,28667,0,6.504758,-1.7599334
6372,6372,0,9.301584,44.464428
8848,8848,0,14.779242,36.52883
15386,15386,1,-10.463154,2.0631583
25262,25262,1,6.4730096,-26.040815
13139,13139,0,30.106012,14.29176
22479,22479,1,0.017850231,-37.452217
7845,7845,0,18.01252,3.5168116
2129,2129,0,-7.1368294,13.482496
30562,30562,1,-31.291039,-22.070143
9667,9667,1,5.612813,-33.249943
2236,2236,0,-12.8873,38.82627
20372,20372,1,11.151066,-29.573753
3169,3169,0,-10.149245,12.027244
2455,2455,0,-7.9703145,14.186175
18105,18105,1,1.1154139,-34.51253
828,828,0,5.0859365,54.90126
25358,25358,1,-44.757397,-22.1927
16164,16164,1,14.741778,-39.99566
33225,33225,1,-23.077204,-9.203907
33084,33084,1,32.424015,-38.105854
18198,18198,1,-20.893589,-11.725084
10622,10622,1,11.990626,-29.212412
23778,23778,0,-8.985244,-7.152948
28676,28676,0,3.263818,17.806059
29307,29307,1,8.947824,-1.4697366
22375,22375,1,-12.32341,-5.2886357
2009,2009,0,1.8895556,46.410854
19143,19143,1,-21.081573,-10.050557
12081,12081,0,-22.101442,25.40439
31843,31843,1,-32.066776,11.8548565
4207,4207,1,-4.091075,-38.92342
32907,32907,1,7.131276,-9.210586
1624,1624,0,-11.137207,39.00202
4816,4816,1,-16.696114,-32.380814
30770,30770,1,31.014772,-22.670818
3657,3657,0,17.137674,4.474766
4711,4711,1,48.47122,-3.6109388
29847,29847,1,-44.74048,-1.5982721
8421,8421,0,16.520372,36.59924
12808,12808,0,25.714642,-6.086636
32567,32567,1,3.0658326,-17.042248
21932,21932,1,-4.8513613,-8.071138
5640,5640,0,-5.7970457,0.46133506
1739,1739,0,3.7967155,18.871168
31519,31519,1,-58.25186,-13.128039
22510,22510,1,2.1813853,-35.22848
31939,31939,1,48.105095,-2.9726212
3073,3073,0,-5.689448,38.22087
28354,28354,0,9.44372,9.824593
14984,14984,0,-6.462452,22.10038
32959,32959,1,-26.753155,7.0846915
6937,6937,0,10.0842085,-0.31331298
2995,2995,0,-27.884863,32.981388
18184,18184,1,-25.056217,-17.07307
4098,4098,1,-24.763895,-23.472519
31398,31398,1,3.158847,-14.439964
33712,33712,1,7.589766,-15.179774
7667,7667,0,14.288153,12.505746
26990,26990,1,7.2168174,-24.82282
26578,26578,1,19.391453,-22.535383
9088,9088,0,36.38262,-1.8005086
1123,1123,0,29.782495,1.7844743
24974,24974,1,7.427434,-35.505795
29100,29100,0,-21.575325,2.856383
4103,4103,1,4.861972,-25.089334
32465,32465,1,40.075115,-12.247443
23923,23923,0,16.891113,3.146504
22127,22127,1,-36.366364,-8.115618
18010,18010,0,-51.80475,16.315512
12228,12228,0,3.3275156,-0.65154505
22946,22946,0,12.667267,53.541233
6571,6571,0,9.182569,52.151535
21806,21806,1,4.8056307,-14.736234
33677,33677,1,-19.301098,-1.1971942
31270,31270,1,7.0467634,-12.769171
13908,13908,0,-19.285103,5.9548597
11360,11360,0,0.627866,8.832568
12528,12528,0,35.04358,22.844135
3675,3675,1,30.466116,-23.529087
30848,30848,1,-30.05347,-8.60867
26069,26069,1,-18.597942,-48.533257
10962,10962,1,-40.535343,-27.905994
25656,25656,1,11.87797,-28.901787
733,733,0,-14.898218,2.4359455
11646,11646,0,29.763445,19.53749
24668,24668,1,4.1574087,-36.841476
14455,14455,0,15.915504,4.823844
31370,31370,1,-11.831542,-13.5339
27534,27534,1,-40.535343,-27.905994
13030,13030,0,13.999857,12.65104
6582,6582,0,18.36643,0.5328088
7506,7506,0,13.674481,35.991932
16620,16620,0,5.252091,4.748779
27349,27349,1,-36.732414,-15.089808
8056,8056,0,30.700615,-22.367437
20034,20034,1,-23.23309,2.8571646
26454,26454,1,-10.647876,-5.909425
27746,27746,0,30.710321,3.8731894
6921,6921,0,13.420259,38.23368
28526,28526,0,-8.995622,25.991756
30471,30471,1,-31.250162,-22.047567
29338,29338,1,-15.130178,-22.796656
10897,10897,1,-24.961323,-3.3593102
2760,2760,0,4.5457697,51.61171
2900,2900,0,-29.147818,31.974386
7725,7725,0,0.63873315,24.290482
8817,8817,0,28.42918,-8.170459
4018,4018,1,-0.27441734,-39.80603
20227,20227,1,-28.004438,4.340515
14429,14429,0,20.312431,4.233708
3184,3184,0,-4.3872986,12.5887
18922,18922,1,-7.798488,-21.618784
26003,26003,1,-8.948439,-4.0612307
15474,15474,1,5.0340486,-7.451068
3396,3396,0,3.833996,20.512415
23774,23774,0,-21.942081,2.7635086
85,85,0,4.0346913,49.86403
1769,1769,0,-10.603917,38.96538
10283,10283,1,19.602306,-15.770863
25624,25624,1,-46.17048,-22.144564
20580,20580,1,-24.532833,2.2845006
14800,14800,0,7.902908,-0.22666442
14405,14405,0,30.245478,-0.798412
18535,18535,1,-0.6263422,24.768343
3962,3962,1,-19.307226,-27.918116
15214,15214,1,-13.905072,-18.50728
6925,6925,0,9.985189,2.2725453
21570,21570,1,-25.80946,-9.486796
19024,19024,1,2.9889753,-43.59065
27297,27297,1,-36.76528,-15.162826
19516,19516,1,-0.10092811,-38.684784
26655,26655,1,-3.1832364,-14.123043
20412,20412,1,-18.44769,-12.379947
20901,20901,1,-16.697289,-31.888294
9726,9726,1,6.574932,-47.475323
12830,12830,0,25.006104,-5.7948217
14808,14808,0,6.7322636,1.0357274
9632,9632,1,10.991177,-32.458496
32530,32530,1,-14.696219,-32.575798
3919,3919,1,-25.17139,-13.041174
9339,9339,0,18.453396,34.177746
8767,8767,0,15.004308,-2.3373005
30237,30237,1,8.063354,-11.845072
18266,18266,1,-15.593454,-10.3237
22747,22747,0,25.914293,5.299325
27447,27447,1,21.600653,-15.049276
9125,9125,0,18.951864,26.879356
11291,11291,0,22.144123,-5.906377
25864,25864,1,8.732434,-29.110943
25461,25461,1,-45.994675,-21.573887
6160,6160,0,10.148328,49.599205
29669,29669,1,-33.84159,13.457206
11749,11749,0,16.088543,-25.29691
20170,20170,1,-31.624783,1.3770287
14117,14117,0,-17.842783,1.9487153
2183,2183,0,7.2829313,55.339485
27714,27714,1,-6.4895124,-10.127027
19938,19938,1,-23.013227,-31.09898
3299,3299,0,6.6852007,53.590385
11142,11142,0,8.256097,57.008366
10745,10745,1,-3.6329389,-19.140581
18439,18439,1,-25.806189,-17.489359
23191,23191,0,19.806273,-4.6800323
25040,25040,1,-56.854687,-11.590923
5027,5027,1,40.4837,-2.4929256
7215,7215,0,9.2029295,27.7238
14975,14975,0,-9.540276,26.969835
5255,5255,0,12.39773,46.94566
32717,32717,1,-3.3312361,-6.9280925
18070,18070,1,48.872833,2.0193393
20871,20871,1,-18.462696,-8.809244
19196,19196,1,-12.815055,-11.500317
25721,25721,1,-26.92835,-2.0398378
19935,19935,1,-14.936503,-19.837807
32081,32081,1,-19.82393,-17.733236
9998,9998,1,8.021588,-11.446685
33159,33159,1,-30.334938,-0.32973853
29577,29577,1,-17.04524,-24.222385
17877,17877,0,-51.200184,14.85907
18309,18309,1,9.283454,-21.745598
11815,11815,0,24.374954,-6.5085235
24363,24363,1,-9.2502165,-13.610723
24495,24495,1,-1.4830563,-24.186375
30602,30602,1,5.1700697,-24.956984
4600,4600,1,3.5017338,-15.151935
16719,16719,0,9.564205,-0.16474123
23374,23374,0,3.3295014,9.64612
9181,9181,0,16.940617,37.156757
19526,19526,1,11.526423,-27.536034
8507,8507,0,13.408103,40.31238
28659,28659,0,28.125135,17.817585
29977,29977,1,-43.928986,-2.501776
17104,17104,0,16.652025,-4.684116
10968,10968,1,-7.887573,-6.486837
27052,27052,1,-3.832112,-1.0505583
21676,21676,1,-30.889223,-0.94197345
4737,4737,1,-1.1749399,0.7240248
11772,11772,0,-3.7479365,6.891868
31969,31969,1,-5.1353664,-46.13312
26251,26251,1,31.69039,-25.664179
12753,12753,0,20.03303,5.1519256
10042,10042,1,-3.6380847,-19.14253
11650,11650,0,1.5140923,33.09626
4793,4793,1,-19.186794,-26.33715
16175,16175,1,31.688316,-23.901398
6640,6640,0,31.162874,5.4138894
23811,23811,0,14.401643,6.3573895
2884,2884,0,17.428858,0.8855034
10514,10514,1,-6.1485057,-17.01129
32881,32881,1,-9.33319,-16.910173
23407,23407,0,9.209731,53.323093
18924,18924,1,-19.883615,-5.940503
23841,23841,0,25.776377,27.031876
16055,16055,1,-41.068134,-23.960913
13435,13435,0,28.573593,23.594336
1659,1659,0,4.2741485,49.00853
15939,15939,1,-19.337986,-26.114553
24293,24293,1,10.844806,-19.72826
26757,26757,1,-19.503105,-17.44148
4280,4280,1,-21.361984,3.2989774
9273,9273,0,-13.788448,4.141048
5503,5503,0,11.873722,-0.610891
3646,3646,0,31.383373,21.021631
12879,12879,0,31.158997,18.2326
33147,33147,1,11.729254,-39.18333
7361,7361,0,19.98036,1.9253285
23017,23017,0,9.048666,55.62001
4293,4293,1,-24.760088,-23.475918
24448,24448,1,-5.278163,-26.234177
12770,12770,0,5.6085057,2.6031406
11725,11725,0,34.67238,13.5573
25128,25128,1,46.55329,-2.9305494
14842,14842,0,33.389496,12.494626
7349,7349,0,13.143432,48.029526
12675,12675,0,-22.17722,25.923166
31387,31387,1,-20.032936,0.032706387
2281,2281,0,-7.5373316,16.260897
10567,10567,1,-34.14695,14.219705
2157,2157,0,-2.5996041,40.506054
11973,11973,0,-6.428059,21.410484
29141,29141,0,-17.144932,-30.854246
23054,23054,0,0.67900085,24.948156
32732,32732,1,30.99286,-35.857788
5967,5967,0,5.189824,10.152009
15301,15301,1,-37.750015,6.4738526
22427,22427,1,0.106777795,-35.31354
13682,13682,0,32.6868,20.805708
24528,24528,1,6.574932,-47.475323
4758,4758,1,-29.204805,-18.305067
12029,12029,0,34.88335,24.804537
25057,25057,1,36.701664,-7.8041725
17957,17957,0,-51.19681,15.7234125
1710,1710,0,5.140853,49.081326
3691,3691,1,-32.43158,12.664578
30472,30472,1,-14.812265,-12.39759
22428,22428,1,-31.32665,-1.3192044
5491,5491,0,18.249317,4.43362
16775,16775,0,10.554997,18.738363
21041,21041,1,-57.53403,-13.655348
13118,13118,0,20.332514,-5.5033526
16644,16644,0,2.594324,3.6415715
16185,16185,1,-57.44509,-12.641509
14546,14546,0,30.394587,26.516603
22118,22118,1,-4.3755183,-23.469168
8700,8700,0,26.247427,-4.4856043
28142,28142,0,-6.029968,23.0223
2085,2085,0,-31.084883,36.127773
14705,14705,0,22.381973,2.9937859
2145,2145,0,-12.87831,38.841743
14669,14669,0,24.610369,-5.694723
5639,5639,0,3.4065921,-3.0633764
8409,8409,0,19.819788,33.870304
19490,19490,1,-27.783085,-16.377968
7715,7715,0,20.729555,-1.5801289
26888,26888,1,18.414862,-35.05303
21201,21201,1,-14.14261,-25.276085
12244,12244,0,10.863542,2.5828583
10178,10178,1,-24.732986,-4.5131826
12153,12153,0,-23.065683,25.114386
25037,25037,1,40.047653,-9.384825
24417,24417,1,12.952178,-45.431965
18051,18051,1,5.2724366,-4.816595
11245,11245,0,13.152668,11.650034
16609,16609,0,2.9158988,26.370724
27415,27415,1,-36.862324,-14.875621
47,47,0,-14.00268,14.277248
27739,27739,0,5.0903296,11.247992
28728,28728,0,26.710527,19.431326
32217,32217,1,-40.882214,-22.414663
28343,28343,0,26.243607,-2.9898138
11921,11921,0,8.346659,6.247336
19963,19963,1,-4.3792734,-31.183012
11397,11397,0,-9.514978,24.998512
2882,2882,0,-8.12699,14.501303
22038,22038,1,-36.482403,-8.118449
29934,29934,1,-0.6547572,-30.23917
22145,22145,1,-1.5687948,-30.513487
8286,8286,0,11.2907915,-10.058893
20129,20129,1,-17.123178,-29.89411
7592,7592,0,11.968114,39.356052
22713,22713,0,9.158207,56.73632
12683,12683,0,32.201923,22.644232
15494,15494,1,-19.529572,4.1866193
20496,20496,1,32.57088,-36.846542
8131,8131,0,28.8868,-7.1345215
9164,9164,0,30.777145,2.9891975
26553,26553,1,-7.073231,-33.18874
31103,31103,1,-35.99263,-1.1682326
16937,16937,0,1.5908612,2.9123576
32699,32699,1,-13.410331,-27.657204
11257,11257,0,24.03441,18.776371
16198,16198,1,40.015846,-8.908163
14514,14514,0,24.621439,-6.535579
22996,22996,0,23.353739,6.3102636
4029,4029,1,28.935743,-25.436523
20670,20670,1,-8.868882,-22.902267
12086,12086,0,-17.865234,4.2974243
29777,29777,1,7.367126,-42.636486
6264,6264,0,-2.670673,19.345238
1288,1288,0,7.2561793,56.90222
3063,3063,0,2.462041,18.706244
33647,33647,1,-12.102702,-21.449768
21266,21266,1,-21.009848,5.9212
27163,27163,1,-41.53468,-2.4063156
12281,12281,0,31.60307,25.398836
28934,28934,0,9.892531,7.853928
19918,19918,1,-47.591675,-2.0049117
28560,28560,0,3.9252741,35.59544
30187,30187,1,-33.010628,-5.9575405
10308,10308,1,-19.058027,-49.090946
466,466,0,2.4694433,-6.479199
23453,23453,0,-4.455781,18.894205
33239,33239,1,-16.20725,-7.5368466
5410,5410,0,27.259829,-5.9454865
736,736,0,5.7314215,11.523748
30114,30114,1,-17.9577,-30.113903
30819,30819,1,36.10328,-8.022751
1199,1199,0,-5.144685,14.516431
19172,19172,1,-24.094244,-1.0606863
1730,1730,0,6.511657,11.098396
25387,25387,1,21.3562,-36.72289
5833,5833,0,-2.973507,10.235134
22313,22313,1,8.835915,-14.867784
11518,11518,0,27.11648,23.473051
9136,9136,0,12.332116,6.6533966
31815,31815,1,21.578316,-10.11008
20792,20792,1,-14.856474,-11.31828
4325,4325,1,-20.349623,8.912687
9256,9256,0,18.348166,15.565344
29464,29464,1,-28.676258,-4.1730313
4122,4122,1,-11.85363,-39.229652
11997,11997,0,15.972727,0.099696785
26485,26485,1,-28.824533,-26.621355
33339,33339,1,-4.8866234,-32.355717
20436,20436,1,-12.865859,-11.440015
5402,5402,0,2.842114,25.2891
31677,31677,1,43.392956,-2.723355
31482,31482,1,31.18535,-24.37065
28940,28940,0,28.214928,20.127735
19270,19270,1,1.8643879,-7.132965
13282,13282,0,30.884262,17.597883
16265,16265,1,-31.821806,-12.604732
31409,31409,1,-57.107414,-11.984939
6882,6882,0,-1.504014,4.378239
7421,7421,0,-4.4324765,18.899035
12988,12988,0,5.0544324,3.1862583
7353,7353,0,14.722897,43.740078
1684,1684,0,8.033297,54.35237
12288,12288,0,0.6210689,0.19443646
28338,28338,0,4.01433,11.269792
14492,14492,0,-16.427883,2.6434119
20310,20310,1,-21.000774,2.802182
5441,5441,0,8.922707,43.09843
26386,26386,1,-9.602537,-14.789627
14948,14948,0,-10.040838,28.340414
22458,22458,1,-3.9631026,-8.994091
22419,22419,1,-34.72739,-7.1669164
10551,10551,1,47.29799,-2.4959924
15995,15995,1,-0.7347489,-20.572828
10617,10617,1,-3.6412733,-19.140373
5702,5702,0,8.624787,50.18617
26147,26147,1,-11.931383,-15.572671
700,700,0,-10.120791,14.872469
17436,17436,0,-49.882137,16.32532
7633,7633,0,15.809763,34.587406
2677,2677,0,5.0213113,46.05352
28843,28843,0,3.6954393,14.164762
13738,13738,0,28.236288,16.814596
24011,24011,0,25.77907,27.027348
23593,23593,0,10.226706,49.706642
22314,22314,1,-30.756145,-0.90593785
14518,14518,0,7.393532,4.2394543
3501,3501,0,28.30678,-5.553218
11264,11264,0,-4.7942467,-5.5453324
102,102,0,9.74364,56.58017
7188,7188,0,9.149864,39.075523
8418,8418,0,3.949213,30.635284
8551,8551,0,17.96135,35.510265
6717,6717,0,4.8885765,6.172902
26511,26511,1,-45.674454,-22.387941
5720,5720,0,0.33073553,27.830542
3115,3115,0,-28.575758,34.238655
14318,14318,0,33.42065,22.867914
9518,9518,0,7.750999,28.307114
16301,16301,1,-14.7935505,-32.5593
19688,19688,1,-20.614172,3.2704034
13516,13516,0,11.595996,15.490584
17889,17889,0,-30.34717,7.57706
4986,4986,1,33.313995,-37.03565
13456,13456,0,30.363197,19.16322
17109,17109,0,0.93462247,2.1720467
20959,20959,1,47.15489,-3.9180984
26276,26276,1,-3.3517928,-14.33077
18205,18205,1,31.664404,-21.929987
8975,8975,0,20.365335,-5.408682
11624,11624,0,-3.2095692,4.242588
6361,6361,0,13.637042,33.84777
23739,23739,0,-22.091824,24.414135
7032,7032,0,15.067831,33.070232
28831,28831,0,11.064787,12.832702
23089,23089,0,7.6450925,39.918797
17795,17795,0,-26.010727,12.837515
27825,27825,0,-4.1391397,4.843995
5544,5544,0,26.899382,-6.301131
23148,23148,0,0.26665124,15.327827
3288,3288,0,-15.707861,14.971739
485,485,0,1.6743596,-6.289033
13090,13090,0,29.820066,21.134619
12297,12297,0,37.869278,-1.3561558
18657,18657,1,-1.1814753,-16.338917
15623,15623,1,5.522185,-14.420904
31860,31860,1,-15.569239,-26.400597
6958,6958,0,12.529028,33.438213
30571,30571,1,14.844055,-39.662586
21682,21682,1,-20.5114,-27.874577
29303,29303,1,-26.914328,-12.618472
14963,14963,0,24.166708,0.76982665
9137,9137,0,-6.941497,31.036604
150,150,0,-12.404094,14.343396
7823,7823,0,13.38682,46.595333
25063,25063,1,-6.033769,-2.5802453
7267,7267,0,11.54424,45.25975
30561,30561,1,-1.5297688,-6.4744077
6046,6046,0,13.1860895,31.688185
5450,5450,0,14.950817,31.695927
3963,3963,1,-0.27441734,-39.80603
28312,28312,0,0.34026062,11.03726
11061,11061,0,7.199157,53.152534
33243,33243,1,10.032744,-14.784958
13348,13348,0,23.127443,-4.8290715
10472,10472,1,-3.6304536,-0.44586694
11818,11818,0,18.061972,3.384071
4695,4695,1,47.58456,1.4585863
12068,12068,0,33.225647,24.045534
19112,19112,1,-21.190723,3.8878508
32105,32105,1,5.373945,-32.826702
59,59,0,5.131204,19.477884
8403,8403,0,12.435625,41.4287
13332,13332,0,25.5575,-8.729225
21687,21687,1,39.72254,-12.059008
12607,12607,0,7.959729,5.2887983
13046,13046,0,27.627157,-7.0706987
32715,32715,1,22.726976,-8.137249
33595,33595,1,-14.478287,-24.871536
15986,15986,1,-40.57644,-21.977894
24900,24900,1,4.2413645,-28.27854
20591,20591,1,5.8121486,-24.712069
18283,18283,1,-21.848715,3.3826075
751,751,0,2.657819,43.8296
18016,18016,0,-50.978058,16.881468
657,657,0,5.441938,54.875626
11070,11070,0,1.6440759,1.5965748
25012,25012,1,7.5323925,-34.297462
16602,16602,0,10.684932,18.674103
10970,10970,1,-15.696596,-11.441199
6336,6336,0,12.869175,45.47056
27010,27010,1,-20.309895,-4.811131
14262,14262,0,31.447174,22.30344
25526,25526,1,-5.7132754,-29.653965
24803,24803,1,6.4589553,-37.083557
27567,27567,1,-40.568863,-27.47602
19570,19570,1,-47.733055,-2.671931
12581,12581,0,10.700964,9.173009
8304,8304,0,13.082494,46.415527
21032,21032,1,25.001484,-8.095506
33616,33616,1,-6.880442,-20.619839
28392,28392,0,-8.540298,4.0875864
27942,27942,0,3.9162765,7.360861
26696,26696,1,-21.37054,-12.299592
4977,4977,1,-14.34053,-23.308403
21022,21022,1,47.604946,-4.770104
21171,21171,1,-56.629665,-11.309721
22947,22947,0,9.594088,56.041954
10942,10942,1,-5.145712,-46.135895
30663,30663,1,32.76897,-38.102776
18417,18417,1,2.9049842,-12.473274
28733,28733,0,13.242095,-9.0522785
16954,16954,0,12.427856,13.691089
27393,27393,1,-25.092382,-3.8534892
29676,29676,1,32.415306,-20.364178
33666,33666,1,11.783583,-39.192703
5499,5499,0,12.255427,43.337765
19308,19308,1,6.7650266,-35.74766
10173,10173,1,8.019871,-19.512705
11067,11067,0,1.8104786,5.7751675
12814,12814,0,23.377834,14.613631
12418,12418,0,8.1374,18.905287
27767,27767,0,6.5206356,4.9944115
26418,26418,1,9.992446,-7.687155
23993,23993,0,4.5957813,9.8655
12387,12387,0,-7.1375966,25.026764
16076,16076,1,33.123955,-24.425661
2622,2622,0,-17.656889,18.765125
32558,32558,1,40.077927,-12.232607
12562,12562,0,8.277097,-2.0895524
16236,16236,1,4.343139,-28.299261
9328,9328,0,10.170891,-4.8461676
7850,7850,0,9.136313,28.67783
26420,26420,1,-45.770508,-21.494951
15547,15547,1,-11.836168,-39.46915
18580,18580,1,-44.466938,-3.5878873
19683,19683,1,-8.773961,-20.74402
29966,29966,1,-17.94826,10.100539
30018,30018,1,-14.620499,-5.665716
11221,11221,0,8.584772,6.9903407
32880,32880,1,48.13941,-4.048152
4933,4933,1,46.34553,-2.4419448
2405,2405,0,-31.409939,37.34268
3868,3868,1,-21.876108,-14.827618
1547,1547,0,-30.213963,36.235943
30333,30333,1,-27.287977,-7.233199
12548,12548,0,27.934332,1.0077416
19117,19117,1,-25.230078,0.74224114
11951,11951,0,7.038199,-0.8646031
27849,27849,0,2.6020443,1.7395159
2054,2054,0,-12.46114,38.728863
30951,30951,1,-16.123396,-2.7536125
7586,7586,0,7.92049,45.010838
20679,20679,1,-31.7899,-32.75293
28345,28345,0,-2.3269768,2.2678108
21813,21813,1,5.825803,-10.550169
30492,30492,1,-17.829245,-33.810905
32337,32337,1,9.108441,-12.680953
27619,27619,1,-40.188995,-27.806635
1010,1010,0,5.781389,46.90107
20475,20475,1,-14.711317,-8.526474
33445,33445,1,-22.211002,-22.458933
31723,31723,1,47.69205,-3.6742997
16660,16660,0,28.640717,18.169518
28649,28649,0,21.929296,12.717981
2458,2458,0,-29.135134,32.02703
23194,23194,0,10.737278,55.13174
15259,15259,1,6.424132,-41.573757
13320,13320,0,21.8729,3.4146495
9253,9253,0,18.348036,15.565275
16905,16905,0,3.3906474,8.839717
28975,28975,0,-14.754476,15.4256
2928,2928,0,-31.86431,36.710472
22963,22963,0,-14.41426,7.6557198
22783,22783,0,-9.328063,25.637587
25462,25462,1,33.70653,-24.86431
20222,20222,1,12.986356,-26.770498
18415,18415,1,7.5647106,-43.43516
32693,32693,1,8.272793,-13.091508
14646,14646,0,-22.059832,22.999212
28772,28772,0,-6.3062415,24.753448
7811,7811,0,7.9768615,28.6383
8069,8069,0,16.827871,31.716429
31832,31832,1,-32.292862,-33.39125
29183,29183,0,24.087505,23.50815
29285,29285,1,-24.762417,-23.473602
29246,29246,1,-18.715363,2.3425062
14067,14067,0,-0.113134824,10.859838
18816,18816,1,11.310331,-28.443674
22277,22277,1,-20.858828,3.6253195
16134,16134,1,40.52128,-10.523547
20117,20117,1,-28.004871,4.345555
25939,25939,1,9.37183,-34.52021
20818,20818,1,-35.995865,-1.1730343
29086,29086,0,5.2597737,14.955274
4682,4682,1,-23.093046,-30.640202
31366,31366,1,-31.020967,2.420055
29424,29424,1,14.9243555,-21.269968
29426,29426,1,-24.248816,-0.77224314
1688,1688,0,6.795007,48.731037
28842,28842,0,26.950718,4.302364
6056,6056,0,16.855494,34.74626
8096,8096,0,22.90163,-3.133559
10160,10160,1,-17.351402,-5.409231
3,3,0,7.1988406,55.524815
6922,6922,0,8.4129715,9.106414
11339,11339,0,-9.31382,28.216671
15165,15165,1,-4.259545,-32.017536
7358,7358,0,14.77364,24.82141
20101,20101,1,-22.043247,4.008772
27682,27682,1,-12.419485,-1.6233184
20638,20638,1,-18.417017,3.930768
28963,28963,0,1.1785367,32.59376
32339,32339,1,32.406944,-20.159405
5142,5142,1,-21.730225,-13.50926
13100,13100,0,34.383274,22.397234
11433,11433,0,25.195911,-10.31646
19928,19928,1,-20.34962,8.912658
28195,28195,0,13.614671,23.96998
26064,26064,1,21.17475,-36.17403
8018,8018,0,7.6526966,44.775906
15889,15889,1,-58.22021,-13.412186
19109,19109,1,-25.970003,-13.016063
20779,20779,1,-18.033731,0.048805337
21951,21951,1,-19.356092,-2.4931192
28001,28001,0,17.742231,0.85693294
32626,32626,1,-11.882847,-20.800394
322,322,0,-16.853697,18.03548
19073,19073,1,-18.868626,-28.206587
25989,25989,1,-12.723612,-1.6448096
23277,23277,0,7.942379,50.172737
26549,26549,1,12.275043,-28.701069
25417,25417,1,11.130992,-6.574833
17655,17655,0,-50.978058,16.881468
11448,11448,0,8.652218,48.776577
31291,31291,1,47.903393,-3.3175073
32889,32889,1,-4.08352,-23.278877
6532,6532,0,29.59014,0.3786293
17557,17557,0,-51.59471,16.698126
24651,24651,1,5.8402233,-32.57948
5562,5562,0,18.634045,29.883581
4051,4051,1,-20.12968,-0.7703024
11761,11761,0,1.3693879,11.7759495
5543,5543,0,9.427704,6.1516576
15456,15456,1,-11.996097,-39.577236
7246,7246,0,13.024701,53.093678
31468,31468,1,48.019955,0.4778115
1713,1713,0,4.829009,18.909431
16211,16211,1,-5.9777236,-29.208897
10120,10120,1,-8.306973,-1.432393
13050,13050,0,26.434961,25.831364
3143,3143,0,5.927401,53.24544
14949,14949,0,-3.688836,1.4908814
12677,12677,0,-21.309776,11.913732
5627,5627,0,13.1403475,3.2420268
1799,1799,0,-17.33361,18.805304
22075,22075,1,-15.651141,-17.077394
29184,29184,0,-10.799964,27.323418
13838,13838,0,-0.9388547,1.1213422
