x,y,y_true,y_score
14.552868,1.0157304,1,0.9979453790443882
11.166329,-0.43624347,1,0.9976972012546742
8.185255,-2.1942809,1,0.9940763628897203
4.9571543,-5.330148,1,0.9942189198027807
-2.4632034,3.8918183,0,0.0013157953415226292
-1.1255585,7.10216,0,2.3762966450728823e-05
2.4105263,-2.991105,1,0.9947665936312476
1.1924492,4.3391604,0,0.2620937256800671
10.578629,-0.5022709,1,0.9814634462628888
4.630059,2.070752,1,0.9913815187779788
-9.049207,-6.042923,0,0.1348583166248105
-0.36420184,1.5329225,0,0.00790624299416234
3.3123338,0.42992574,1,0.8469455100588763
-0.8685401,2.2318623,0,0.004021089355484501
-7.505359,-0.074806824,0,0.007732578073359086
10.676801,11.08573,1,0.9956529721983036
-5.5874443,-5.5701923,1,0.9261364877413195
5.9082003,9.588298,1,0.9889541722202306
4.3661995,4.1901894,1,0.9921379090675797
3.2684865,-0.3671949,1,0.9495267631736698
-6.873766,1.4582454,0,0.0012448483828957355
-3.7158144,-3.9848783,1,0.9048321643472443
-0.7095915,8.21648,0,0.0004320202252758997
2.734678,10.692578,1,0.993086748133476
-2.0222857,-3.7767997,0,0.08280063699705618
-0.57184345,-0.3636936,0,0.056941119584193275
-4.0606017,-6.0248785,1,0.9965979175478902
2.4450426,5.630386,1,0.9691380402889412
-7.0097647,-8.267022,1,0.9794384416299866
14.203546,0.30865052,1,0.9985025842999172
-8.627693,6.2133694,0,0.00046948121136292776
-5.071134,3.0819232,0,0.0036625516263387513
7.3426147,12.189136,1,0.9941834071367991
-0.28886533,-9.8508215,0,0.024885031323622478
9.06702,9.29504,1,0.9828371933788128
6.1294036,1.720964,1,0.9851628053324504
-2.3126342,2.2450686,0,0.0021615315158313316
6.768459,-2.9432895,1,0.9881766459225957
3.0341034,2.3863254,1,0.9873943169142111
-1.4688406,-12.672873,1,0.9550811070137872
-0.0079457415,10.875543,0,0.11531218040509016
9.320349,0.31434876,1,0.9874956318355368
7.9399447,-0.074328825,1,0.9624867028331608
-2.5165854,2.960957,0,0.0012889119042664948
4.8704405,-10.827029,1,0.9789476883311778
-11.610761,-13.003352,0,0.012787213256732514
-5.289676,0.24747103,0,0.09752374901799549
-8.572182,7.794262,0,0.017981155717030156
-11.083232,-5.0488253,0,0.007159286655313232
16.563154,1.7454355,1,0.9877263331220509
-4.108448,3.8202043,0,0.00010252429589632732
-7.7431726,2.2010207,0,0.03588293675619836
5.618181,-6.1456714,1,0.9957540696094628
-11.610574,-13.003334,0,0.012592007489765912
-3.408151,4.4769607,0,0.0002931091186857902
9.88982,-5.896488,1,0.983938939249363
-3.8300052,-1.4128623,0,0.06743225063451555
8.915553,-3.2694583,1,0.986300509819891
12.3533,-1.6202188,1,0.9939057394887022
6.906481,4.993636,1,0.99295868184879
-3.8134544,3.674959,0,2.7230322058828846e-05
6.433213,7.8575926,1,0.9977202316908377
-4.447772,-1.0688419,0,0.012118247306180685
10.006907,10.2259,1,0.9940319661598598
4.872843,0.40135232,1,0.8862341104253822
-4.201169,5.0515914,0,0.00011163674435486454
-5.5692697,2.987736,0,0.00013300529500885548
-12.555609,1.4852042,0,0.011019520024399055
-5.1849184,4.347096,0,0.0010469611283501093
-2.5382495,8.586708,0,0.0005626468143978866
-12.687951,1.3083326,0,0.023061617704851496
-5.837709,-3.5563185,0,0.011291129450331283
1.5213751,0.90813994,0,0.5296571004767643
6.595385,2.2040815,1,0.9910946112625584
12.354898,-1.6206696,1,0.9939057394887022
9.902857,1.8103456,1,0.9921281135492281
-5.3901114,-6.571131,1,0.9935436832403353
3.6522884,7.4267015,1,0.9680529119905583
-4.129061,3.1569955,0,0.005937097239829422
-7.759375,-3.3678691,0,0.017467345260000128
-3.0802064,2.5154836,0,0.08964191765638599
-4.8774734,4.568628,0,0.0003555188718782985
-13.829004,6.6664853,0,0.009408291884214047
4.8546352,-7.003931,1,0.9950887077907632
-7.675429,0.47463754,0,0.03363664884103401
5.123572,7.2434936,1,0.9874771805019589
-5.8890777,3.584975,0,0.0029866523889957803
9.417567,-3.4038239,1,0.9877024139127063
-0.6960428,-0.36103103,0,0.20349492090931326
7.607232,-0.025717566,1,0.9829688169290822
6.4697466,-0.80220634,1,0.99446409816701
-9.170689,6.352748,0,0.0003796207093784852
-1.4022329,6.6303296,0,0.00031150915681900214
-11.910623,3.0952842,0,0.005155255476400281
1.3660985,8.514923,1,0.9597475795467442
-0.7122468,0.2488932,0,0.26230034232806493
3.7997773,5.5943904,1,0.983213202375691
2.9006848,-10.164873,1,0.8233643468886307
-10.018132,2.2641008,0,0.0057433451146901675
13.714543,4.620709,1,0.9886464040139042
-1.3822653,1.9814972,0,0.009509659170332854
9.791221,4.0630994,1,0.9861590661063543
7.152438,1.943157,1,0.8832634172630172
-3.1322956,2.653491,0,0.001080555575721668
5.128116,8.741402,1,0.9478828245852696
-4.61253,5.6712356,0,0.001151980700803931
-1.1176342,1.57304,0,0.0037055465158877554
5.65067,-1.6922888,1,0.9128352448429806
-6.1298504,-1.2573175,0,0.001503828348438225
-3.1260095,8.85397,0,0.04572484410800579
13.733978,4.61482,1,0.9856273813176588
-1.1993939,2.6435773,0,0.0020973126104603273
-1.2717603,3.0758717,0,0.006773297559757906
0.048410676,2.8028576,0,0.08801667594359971
-2.3395903,3.803922,0,0.0001625242904501502
0.008429265,3.2333686,0,0.04867776208935485
3.722242,6.1895323,1,0.9128771617113183
-13.386815,-12.297612,0,0.008855863532722719
4.4378,-1.2286139,1,0.9901379096522662
3.083522,-8.04105,1,0.9459709065590324
-3.5491052,2.949416,0,0.00025515363642640424
11.047815,11.494482,1,0.9889748499698374
-5.089615,1.6207387,0,0.004778131200527245
-11.612743,-13.00535,0,0.011118411736779354
-8.811462,5.2684517,0,0.0003126366463416275
-12.23508,-4.289303,0,0.045187046312108826
-3.1651042,-4.825997,1,0.9378297119183311
7.637755,11.051001,1,0.9933158360001643
10.624906,7.083179,1,0.9980838859288921
1.4770681,-3.9924982,0,0.2720516718116265
-0.6264148,2.871455,0,0.05651838263097218
6.737354,1.7283318,1,0.9783868483177224
-8.476821,5.932301,0,0.0009635023247006328
3.551997,5.0797276,1,0.9855673519080368
-8.990265,4.72434,0,0.00029893325192134097
2.0903678,2.396756,1,0.8410337952185979
-1.9935226,-9.545668,1,0.9834495600467008
6.1367526,1.0344517,1,0.9604435361798885
-12.698843,1.3228136,0,0.028083650267696464
-9.007256,-5.983475,0,0.017834589693004593
-4.012987,0.7412461,0,0.004423270379780181
7.0079374,8.069842,1,0.9995768655572889
-1.5453353,8.255866,0,0.002804838062118532
0.08489986,6.189903,0,0.007256573718404661
-3.8259194,5.6302857,0,0.0006025649152004737
-11.094,-5.0539756,0,0.013683668718245702
4.7268906,12.497126,1,0.9531115270572443
3.56628,4.525285,1,0.9535575022277136
-7.5403576,-2.4571223,0,0.06975715710637205
1.3419588,-2.0975888,1,0.9366004808875737
8.366359,-4.1134353,1,0.9833032089736446
7.738731,-4.1890607,1,0.9795588316412405
-0.40703693,3.1032288,0,0.1583263926749792
4.6067395,9.6420555,1,0.9867289115636637
5.8626413,12.299428,1,0.9940064847079186
-6.119824,-0.7827595,0,0.002480112862738794
-4.519192,2.5331352,0,0.00039442238135577206
8.412235,-4.1820054,1,0.990414036846809
-0.37985477,-1.2519406,0,0.016234111805874016
-10.527166,4.1213374,0,0.018034849906679248
8.121505,-3.1717963,1,0.9919885506717682
-0.7289145,-7.126491,1,0.9940494602651514
3.5994153,2.090984,1,0.9682098142653234
11.234416,-1.2788662,1,0.9492537886886355
16.244326,0.36645308,1,0.995029298094709
-2.4373937,7.13958,0,0.0046315191085517324
9.436228,-11.52711,1,0.9936870782366604
-6.9009323,8.893782,0,0.01500006046309879
-0.97748566,0.39085233,0,0.057776692582260945
-3.2589235,9.065838,0,0.014629265448329754
0.05930973,7.7951417,0,0.019295596027638622
-11.601627,3.749833,0,0.045937159170201004
-8.551948,0.7567057,0,0.02627759550580343
10.143529,10.258025,1,0.9921851281014555
-10.7266245,-1.3726764,0,0.0022551372486540873
-13.900468,6.6677647,0,0.004990609771240576
-9.462853,0.13808972,0,0.0021625126759595714
5.265475,10.523632,1,0.9431817099978239
-6.3902583,-8.419661,1,0.9858832384049868
4.5321527,-0.7729485,0,0.09796019227197592
-4.393835,3.1268353,0,0.002236125555672467
-13.273459,-11.909623,0,0.0375696494711824
-0.27402127,3.7352028,0,0.03838199125792911
9.4303465,-11.522012,1,0.9922946889373067
8.671213,-2.5950103,1,0.9738231176757935
-5.010798,8.105415,0,0.00014940821745821893
-11.646657,6.111454,0,0.05683473602604647
1.2685289,-1.0880125,1,0.852391705358484
10.715053,1.3482172,1,0.9582043564360117
1.6510165,4.9242773,1,0.8927729372266923
-14.632676,3.5937715,0,0.0010528343633028417
-0.5468675,4.2475867,0,0.008949038459670893
8.831738,6.9672494,1,0.9967742395119443
6.0528607,2.5147681,1,0.9881767490914551
-13.956054,6.6593103,0,0.011851948958555044
-2.854965,3.3280315,0,0.00614156822338977
4.3075233,4.8132577,1,0.9880813250041433
12.355063,-1.6205212,1,0.9939057394887022
-6.063678,6.3515444,0,8.164179284398354e-05
8.877242,6.968218,1,0.9979363740998214
4.850996,-10.792361,1,0.9906620103641814
5.3162227,2.4761317,1,0.9893018024405157
2.7090092,3.5376964,1,0.9251892657228442
1.2325321,-1.6493794,1,0.9328969233875465
-1.943936,-9.228989,1,0.9846919285235154
-4.2606506,-0.10190842,0,0.013842742597587932
-12.235089,-4.290291,0,0.032613931146188484
-5.630617,4.9602475,0,0.00014881762306214
-6.8658514,6.1079326,0,0.0003268582869286202
5.167044,3.0800915,1,0.9331676145586181
0.7234418,7.4275455,0,0.013540878126991463
-3.797443,-3.064426,0,0.011362947679087682
-5.2736683,-1.6971546,0,0.019184517509680428
-10.385534,0.92697364,0,0.028286229884017595
-1.0719507,1.2334372,0,0.003989014769406778
-14.7873535,3.6855054,0,0.006282795333748644
4.853317,-7.001433,1,0.9958397867228638
-1.5665047,6.0823836,0,0.007189108304816605
11.081856,9.710894,1,0.9927922775290003
-7.6395764,7.5888314,0,0.008277571858058656
9.412354,-3.4047806,1,0.9869968435174642
14.001813,-0.060330566,1,0.9911299506810463
-2.0312574,7.7892313,0,0.01759924082756848
2.0548458,7.398348,1,0.9481088121904534
-8.9963045,5.819738,0,0.0006035442149719146
-2.6379673,-3.2112978,0,0.13438554358596536
-1.4651684,8.083222,0,0.0010171253731009902
-4.9174848,10.036796,0,0.006922645947270934
-12.681882,1.3384751,0,0.013678837717209019
-8.037585,0.9769228,0,0.004539176131964827
-4.8544836,5.999935,0,0.0003749016772161421
7.1962333,6.7612076,1,0.9938625901864505
7.356703,12.167312,1,0.9953942372520924
13.74251,4.604042,1,0.959910148593972
-5.819848,8.299658,0,0.009005138687998139
2.4303484,6.8578587,1,0.9797219665058207
-2.069991,3.36041,0,0.001449082790725412
-3.1825085,-0.90117013,0,0.0037761799542298364
2.7338037,-5.7290945,1,0.9756307824763387
-5.824888,-3.5670948,0,0.03648445602533514
11.521197,-7.6519704,1,0.9908718244537926
11.515541,9.984348,1,0.992864979270934
5.7635293,-0.42941085,0,0.46172485523588186
-2.0426695,1.323044,0,0.0003663213813739402
8.884478,-6.213502,1,0.9817186865686848
-6.218567,-6.165014,1,0.9969225620687201
-6.074254,9.035485,0,0.0011797756561476916
0.070297435,-2.9265401,1,0.9658595738231658
-12.506651,1.441175,0,0.021972485275694554
7.5389123,-1.3261507,1,0.970353009450076
-6.489605,-4.000483,0,0.21930064589811218
-11.4690695,1.1018047,0,0.00832832667581609
2.9957426,-3.4980648,1,0.9837344384886711
0.5107693,-8.794268,0,0.37652448106312814
-14.530234,3.5468905,0,0.0012482141164734278
-9.877601,-3.7151353,0,0.012781825405986203
-3.7124689,-1.754938,0,0.12714377065114854
-3.758905,11.454985,0,0.05829073036540346
4.020516,-2.8453908,1,0.9951428316213905
0.005421405,0.5245557,0,0.026300266396519507
-4.782761,4.48093,0,0.0008491115447458764
-7.9645724,1.3970782,0,0.015978876033820647
0.6618304,-1.531473,1,0.9288215908656192
-13.520494,-12.721911,0,0.002978572303871932
5.498566,-0.50213397,0,0.8090572949637879
0.43444592,4.526431,0,0.02511065704951204
-6.1626973,3.8984606,0,0.0019038286268025979
-2.0851316,-5.3532815,1,0.9944525882970128
0.2430804,6.8286223,0,0.008745992782362865
-4.8370647,5.5677752,0,0.0014472531340529366
-5.805637,-5.0051594,1,0.9710637737344842
-3.9702168,3.5646076,0,0.0013619603700842902
-10.041117,4.330505,0,0.036951382961015515
-6.254628,-6.230964,1,0.9945222803321704
2.736823,0.8394174,1,0.9814598493423091
-11.325494,5.262348,0,0.04117521923878107
10.235121,-1.4336737,1,0.9730611640721624
1.2390263,-7.3408585,1,0.9861130190269375
-1.5430712,3.8857126,0,0.015148620998829
11.786163,-3.1381109,1,0.9792979311310541
-8.087938,5.8304768,0,0.01615330517136198
-2.7366333,3.454943,0,0.004085916041181642
-2.9665315,-1.5471499,0,0.02619441808773052
-5.6676044,6.3763204,0,0.006159041869936512
6.6101227,3.3547049,1,0.9874727985791626
13.672023,-0.18611622,1,0.9898221137937198
3.2720292,6.4752436,1,0.9561552673385695
-5.5042086,2.926874,0,0.009908983737822131
1.6265893,-1.215086,1,0.9792953593806756
-12.081069,-12.137315,0,0.016049319248606708
6.428853,-2.3931298,1,0.9908726434919177
-1.1698177,-1.0026377,0,0.04728491637581254
3.2173326,0.23604076,1,0.9903061171571074
7.9753714,1.5894562,1,0.9939775184524906
0.6476369,1.7348311,0,0.08452273032116299
-9.665821,3.623746,0,0.031099266944758674
-5.8252034,6.1087933,0,0.0015116716751947515
5.418527,1.1422176,1,0.9992262943599238
-6.233816,-6.1856256,1,0.993552230021943
10.405545,-10.100281,1,0.9896420072622188
13.178772,7.2529035,1,0.9933567560795185
-13.525602,-12.722355,0,0.003429794932130928
3.4062707,8.630295,1,0.9808353834658147
-4.3650475,4.71488,0,0.0006693406312408087
-1.3683918,5.698188,0,0.001722807851218538
-5.575691,-10.378897,1,0.8373545946463332
-2.1634402,8.362935,0,0.013789164333708269
3.9775083,-0.6451394,1,0.8861074728799427
-1.9955114,-9.479156,1,0.9870037939934487
-13.496183,-12.664748,0,0.004639954093163354
-10.516319,5.9247255,0,0.05265566683962008
0.8494702,-1.0818274,0,0.2612734617829378
-0.08542139,1.7925798,0,0.011304574848762922
-3.6421218,5.1779675,0,0.00035638191949861463
0.25018814,12.754274,1,0.9105370512079299
6.1968913,8.411452,1,0.9942984104818969
11.522309,7.8345885,1,0.9695202131604359
-2.0305758,6.563301,0,0.00026780935489747126
-4.86418,-5.2268715,1,0.9851267834311804
5.686082,4.979224,1,0.969681396852778
-0.5274833,-6.4191804,1,0.9867121862773631
-0.15394212,1.4334939,0,0.005671238559331413
7.21486,7.229355,1,0.9971301135791806
-3.484598,7.3972454,0,0.0018532971718860038
2.2944417,-12.451741,1,0.997865321332212
6.382818,4.2220063,1,0.9822311201106849
-1.9528623,1.5378865,0,0.056176987451701306
7.2448397,4.5902705,1,0.9986714450532713
2.227723,-0.25676078,1,0.9377454791842504
0.17923398,-2.4970996,0,0.0860661985767923
1.5039687,-2.7283106,1,0.9763584540159296
-1.9776025,-9.524996,1,0.9918495212070713
-3.2269948,3.181199,0,0.00138790002669525
-4.1128287,4.486013,0,0.00040159899406402323
-6.3870754,7.65181,0,0.0036684841264911366
8.914288,-3.2687883,1,0.9855804029445318
1.7033097,7.512403,1,0.9557753324205922
1.3306485,0.026934657,1,0.9712741057957732
-14.535212,6.317964,0,0.0079515380124038
15.909113,-0.38998196,1,0.9784100772500841
-1.2309512,3.6924262,0,0.009365814358176018
-2.8451295,4.7661133,0,0.012504867807498628
1.537238,4.0685773,0,0.126612648427325
10.572853,-0.4939797,1,0.9909513499745982
-12.238365,-4.2866454,0,0.04404130095551843
3.048254,-8.795224,1,0.9792908906854602
-3.1318557,12.213341,0,0.05715781934688585
-3.2600179,5.1545563,0,0.0009589783779577917
2.0521994,1.6219796,1,0.8646708972316778
1.2213533,-9.337587,0,0.2721913525850303
-0.46857712,1.4662302,0,0.0065436558437968785
-1.1159569,8.949419,0,0.000448432276841355
-0.5200613,4.2476087,0,0.07522242753829325
-1.2844906,-6.002308,1,0.9881496474942851
-3.563138,-2.6895304,0,0.018417916439044637
1.505946,0.32700637,1,0.9603634553812708
3.955429,3.8232052,1,0.9876001792210992
-7.798263,4.528585,0,0.0037335665656133177
-0.96663845,1.60395,0,0.01637147916168416
0.31446344,4.497623,0,0.14613743068815915
16.565441,1.7463199,1,0.9887776376616493
5.474987,-9.703452,1,0.9833872496788759
-5.293903,-0.80590177,0,0.005986645543273754
-5.99012,-7.2569323,1,0.9881396286822478
4.944316,-2.3526442,1,0.8951249877218033
-1.1561617,-6.5735826,1,0.9613180175197831
-8.390724,8.602696,0,0.0055706454315909894
-4.4990673,6.0732083,0,0.021681167425762156
-2.0943487,4.565798,0,0.008237399688324301
-8.529474,-4.2732735,0,0.051785292249492645
-7.1480417,0.5710284,0,0.001300946452585085
8.997495,-2.4553847,1,0.9610652339855863
-2.6530209,6.9946637,0,0.0017459678184355543
-13.171647,4.706525,0,0.024268684876234077
-5.116835,4.8813953,0,0.00022356254512896043
4.2041636,-2.6245878,1,0.9979258000677245
-5.4312396,6.600964,0,0.009248417168596035
0.97450733,-11.271283,1,0.9781603769508226
-2.6885233,1.5698087,0,0.05979823417877825
-9.508411,3.0134633,0,0.019192383358237742
-3.2001057,7.363449,0,0.0011295949914319227
2.592656,2.7929204,1,0.9560054387949561
-4.303558,4.9785004,0,0.0002361309440795126
12.039731,5.403002,1,0.987005740490139
5.5513268,-0.4870103,1,0.962480749874778
-2.4882908,4.26663,0,0.0020110868480500772
-9.840915,3.2490404,0,0.0008835592039579505
2.5290244,0.899418,1,0.9051389373542774
-1.5944304,2.5477362,0,0.012681444553191713
-13.538225,-12.909813,0,0.002689011299339036
6.0006876,-1.0705217,1,0.9980765654749651
3.5067856,-2.0538208,1,0.9831390789170396
0.6000381,-2.2026443,1,0.9955454515137167
-1.835803,-1.5645322,0,0.014099597226075587
-4.690837,-5.894284,1,0.9759614338215244
-11.32179,-0.25600067,0,0.0026998839478037514
8.885352,0.564754,1,0.9653019815997901
-9.079732,-1.6176867,0,0.3762120314500947
7.2653995,0.69269466,1,0.9484020303926793
-0.1425519,2.165857,0,0.037241246818675466
16.514498,1.709646,1,0.9967608163563326
0.27570873,1.5981991,0,0.013431942778771256
2.622673,10.87507,1,0.9927402434902456
7.6567535,-4.386165,1,0.9725592380942837
2.513601,3.938571,1,0.9583866393091317
3.1609585,-4.6606765,1,0.9646626983351017
-3.8122208,2.091944,0,0.08234008341177716
-9.030494,6.819485,0,0.0010824726812507606
13.180601,7.254404,1,0.9932435701605407
-3.41312,-2.5533564,0,0.003588152540332273
7.3339252,7.0300126,1,0.9966472153260972
2.063823,-1.8687755,1,0.9861533434193707
7.952952,-3.0040658,1,0.9716780758075605
-5.2183857,5.7187634,0,0.0025051725527878185
-1.7312055,4.974132,0,0.03654992106731439
-4.495928,1.4948469,0,0.0019829661619364045
16.248825,0.3637997,1,0.9944838947627239
-5.640728,-6.766862,1,0.9972521661277104
-1.6434102,-4.0310316,0,0.26132336993011307
1.9706837,13.809455,1,0.9666380730121718
13.157993,7.2442656,1,0.9954804089116065
-0.99207556,-3.8383956,1,0.9834069688401011
-1.4628196,7.6071486,0,4.887510484267503e-05
4.4337764,0.021766897,1,0.9647761655984567
-7.521799,7.076406,0,0.0009927990239741898
8.682117,2.2490654,1,0.9874998509239743
2.5623467,-2.4221935,1,0.9647247182856752
4.3755755,4.200045,1,0.9841509472721722
2.4874177,11.078384,1,0.9707355339045294
-6.0873795,-1.6899745,0,0.026350726068653872
8.860303,-10.273404,1,0.9775398169707387
-13.926661,7.219792,0,0.020119008890801673
11.438478,9.95875,1,0.9968503824910482
-0.60812646,2.620057,0,0.0006122853171366524
0.24164058,6.8279166,0,0.045888846832932796
-1.6825576,7.7254996,0,0.0017007669879577955
-0.25367662,0.43218648,0,0.01710283938103803
-14.789187,3.6899085,0,0.005557791565873412
-4.4460683,9.523953,0,0.05474538997881635
7.4990616,3.1569598,1,0.9938866987068498
4.501325,-3.1577675,1,0.9733590563435239
8.087707,2.9728298,1,0.9975399137957836
-6.7659698,-1.2368164,0,0.015452329019234717
7.342501,12.191611,1,0.9937348366249874
-0.9391115,4.79536,0,0.005727265465195291
-4.3964267,-3.107464,0,0.01679348558489717
-10.069195,6.93115,0,0.004905485448061773
-8.568655,0.7561727,0,0.006436276577681573
6.022128,4.9981666,1,0.961986508206377
14.991243,-1.1139216,1,0.9954045966523795
7.389981,1.1887376,1,0.9925394178100765
-3.2128358,5.6684217,0,0.0002866188948154626
4.3344555,-0.73699594,1,0.8462719883436385
-1.0359193,-4.73874,1,0.9793327059018199
-1.6425278,0.84513324,0,0.007473161229216481
2.1024451,1.4287372,0,0.06900373408710418
-6.3770905,-2.1646671,0,0.031943587349538546
4.8484,-1.6964722,1,0.9856832041898735
-1.5847456,6.8041024,0,9.922679339539875e-05
1.1688362,0.40012768,1,0.8725981493520112
7.637744,11.055652,1,0.9953149013270419
-6.9995966,-2.3424788,0,0.07549425647638107
12.354602,-1.6203161,1,0.9939057394887022
-2.947931,1.7460549,0,0.0019152013583209773
9.411298,-3.404711,1,0.9875018148910062
-5.3783875,-2.6895227,0,0.01669519436207552
2.823298,0.042055022,1,0.98715898329679
7.153662,8.702555,1,0.9925247071216874
-13.647409,3.2209897,0,0.007947428905083273
-9.531565,-1.0698833,0,0.013110456559827394
8.845057,7.857429,1,0.9936039927655778
0.94718075,-4.491885,1,0.9873021906990784
7.459376,4.1310415,1,0.9876791557662306
-2.4551191,7.279258,0,0.0002546205379967013
-1.4820323,-5.993529,1,0.98951744378717
-1.509086,-2.030925,0,0.03589598113865593
-2.1194766,4.478835,0,0.0003540503954572563
-3.264821,-2.9582975,0,0.010353023656270175
0.65780085,0.3181192,1,0.6620569757910783
-7.494572,-4.205164,0,0.08651541038107484
-5.632077,-6.7555833,1,0.9977545699736091
0.026736893,-4.576007,1,0.9591137884406267
2.6978805,-4.1684523,0,0.5223955054208028
2.3071494,-5.0374703,1,0.9682614541947937
8.081592,-3.1619313,1,0.9985296128907925
3.599716,-7.0461445,1,0.9907624687074057
11.193635,9.961182,1,0.9807916238231128
5.664239,3.9801707,1,0.9703320608658563
-1.7948248,4.5891056,0,0.0204534392481438
-9.236783,1.3563738,0,0.05119798965623321
11.142348,6.5293603,1,0.9227964949511502
-9.609754,-8.767598,1,0.8517880710821087
7.345371,3.6388266,1,0.9949536271902679
-1.5040015,2.6954527,0,0.001525447827201869
5.116889,5.7300997,1,0.9365535937987758
7.261232,-5.567165,1,0.9636039736529706
-0.52911633,2.0948238,0,0.009242662465819894
4.522568,-5.7554126,1,0.9922208122577587
5.005596,2.9860854,1,0.9790212416911147
-6.750273,4.8147254,0,0.0007984650242905224
6.615134,-4.6500096,1,0.987655481506252
-8.430499,7.540406,0,0.008762146428796812
1.1961117,-7.355201,1,0.992421669387187
4.715341,2.4195347,1,0.9922515158020504
10.834821,11.276258,1,0.990421186861778
-0.32414663,-5.527955,1,0.9052920472105299
1.5192827,5.919965,1,0.9225141720863941
2.4346132,-0.66201544,1,0.9527550092656456
14.990024,-1.1117676,1,0.9953459155951705
-6.4118786,-0.035258196,0,0.06560420456067516
3.3201451,8.270189,1,0.9764087026316646
2.7729323,-3.6728928,1,0.9860562185876137
5.8431807,-1.0216676,1,0.9483758574293453
-0.6279159,2.1800394,1,0.740247162386231
7.992798,1.5591944,1,0.9871043824761827
1.8582141,-1.3843908,1,0.8586860380336592
2.8451545,-5.403895,1,0.9836975099835324
-1.1510805,-1.3163707,0,0.02484294619402756
-4.148789,-4.5580616,1,0.9796755657181885
-1.4211389,3.8303323,0,0.03405695593956988
-3.0362148,8.26993,0,0.00036379183718809665
-1.9029278,2.2028503,0,0.041523650540928804
-9.758883,3.8190413,0,0.0033777810982896506
3.61848,-1.0616066,0,0.2929474264480407
12.518538,2.2537878,1,0.9914346358524021
3.0039535,5.065738,1,0.8907449507828965
-12.463171,6.5544906,0,0.0022683586252328076
5.0020556,2.959015,1,0.9520674990796537
-13.921635,7.2278285,0,0.040424923170042606
-4.6886554,-1.0747201,0,0.00212380627791227
-5.036138,-3.3359709,0,0.01649318268597497
-0.27248105,-1.1595004,0,0.030921480795363245
-1.8473886,7.332121,0,0.0004467541961603895
1.4002056,-5.8691063,1,0.9956573482998227
-13.495994,-12.668293,0,0.0023081934762273814
0.44479844,3.2415476,0,0.02724849420171102
9.435783,-11.526433,1,0.9927351864028441
-3.9610088,8.215365,0,0.0021360313888648336
-1.9738168,-0.49795696,0,0.06963653937514606
4.5198197,-5.7392926,1,0.9871717801531845
9.556694,0.19411796,1,0.9963896059767691
-4.9015985,-6.0951185,1,0.9719748977649493
-6.9346585,-0.8009616,0,0.024611040886333452
-2.2261307,-6.985585,1,0.9932647074706233
-6.8583508,6.32381,0,0.00013560578464783302
0.93070084,-11.294366,1,0.9297240603484189
-10.425659,3.6319842,0,0.001502122751248376
-1.8740042,3.6570005,0,0.024107041973249123
-3.9349108,-5.996912,1,0.945952107943597
-12.757416,5.8525696,0,0.03811636795474778
4.139821,2.3255038,1,0.9969216593932256
0.8700579,1.1044912,0,0.21827534688988276
14.175303,0.40593192,1,0.9976720572830834
4.062216,-3.462848,1,0.9796974352318794
1.1041421,-7.348858,1,0.9833827367353997
-13.389261,-12.30527,0,0.008353833070467283
1.4919369,9.736957,1,0.90650953527372
-0.5108521,-1.5911882,0,0.0017281171262708056
-7.4958253,11.020506,0,0.04905744611981254
3.7967546,2.6370234,1,0.9736647995894719
-3.442639,0.004617213,0,0.09267318997441976
4.749115,1.1001631,1,0.9877093849196061
1.8173476,3.4286475,1,0.8603359487085064
-5.742946,-3.5088725,0,0.005565010162249045
7.261232,-5.567165,1,0.9636039736529706
-0.8723617,-0.36229807,0,0.018510876539423283
9.719207,1.7316453,1,0.9402678343662522
9.293553,7.463857,1,0.9733780484074684
3.0541275,-4.238579,1,0.9950111170049283
-10.507997,4.200673,0,0.04312661094284531
-12.402633,7.088196,0,0.004321749498515513
-5.6174164,5.365867,0,0.0007129041693786914
9.496423,0.22899146,1,0.9936715914457593
-1.5007851,10.410425,0,0.003151173495694169
-0.6592565,8.187442,0,0.0010722884574265463
0.45053375,10.226786,0,0.07963043627603718
8.828973,-6.198172,1,0.9955018048275942
-0.8549205,0.94670016,0,0.014640682828987764
-0.16191578,-10.241202,0,0.23293210461330896
-14.469343,3.5314834,0,0.0005065559663536365
0.110511035,2.1661875,0,0.07806261464294079
5.561395,-9.720598,1,0.9843265340307954
-0.9628752,-7.280952,1,0.9925586473365979
3.8237154,1.3927399,1,0.979109875805801
-2.2761235,3.321948,0,0.0007178524807361669
2.4520295,2.7112377,1,0.9095577685663111
15.191302,0.46511638,1,0.9951755073346228
4.665352,-3.8499622,1,0.9934615955550108
0.78358036,3.878495,0,0.2193625919588106
-5.631493,-6.7573366,1,0.9970822847115286
-2.3995707,-0.82707846,0,0.013345797681651147
-6.0261555,9.515441,0,0.0016598504802459787
-13.150337,1.4938482,0,0.007140765258817607
13.342706,2.0425708,1,0.991285993137655
-7.264361,4.443469,0,0.0017757451679843816
-3.1979892,3.4865046,0,0.00011108647585314546
4.3819203,-0.079884045,1,0.9621809580645503
-1.630621,-5.262318,0,0.4396051005853683
-6.977735,5.8083715,0,0.00010703904239361442
-1.9632925,-9.295077,1,0.9897285756916788
-3.8490672,3.9842489,0,0.00037078848588037287
-2.853137,4.196668,0,0.00016434867481812004
-0.8411308,5.459572,0,0.0013728125121787332
13.150151,7.245552,1,0.9961924888983554
2.7767844,-5.6775713,1,0.9941822443661135
0.61039513,2.374291,0,0.24002984952000045
11.035336,11.480331,1,0.9904034946459981
2.753553,-0.827613,1,0.9260162631286087
-10.820788,1.0391124,0,0.0002732450891266997
-3.564495,2.607598,0,0.061744923891844564
-1.6219476,0.935498,0,0.0026870450680374887
-0.8672022,0.27832347,0,0.008971831848928045
3.4073422,8.638411,1,0.9817528969167011
15.902051,-0.382808,1,0.9819770555430355
1.9585615,13.789489,1,0.9428389187719103
-5.1243334,8.980346,0,0.00759821096576496
-4.035842,-5.0729566,1,0.6910110306402507
3.8844247,0.5203732,1,0.9739163020186626
5.467248,-3.9867716,1,0.9778904744960121
-5.1604195,-0.0629391,0,0.011789763018680345
-1.9806789,3.120309,0,0.0004730823442703643
12.2344055,6.0814,1,0.986293809290401
-9.876403,-3.7046475,0,0.0014679413440971377
-3.3024087,-0.8773447,0,0.018866633025879948
-12.777098,-3.5295293,0,0.002512771792470507
-0.7979514,-7.0778484,1,0.9941238084824893
5.4232397,-3.3480318,1,0.9566562310673447
-1.2176803,2.581789,0,0.0095154469066305
7.4170723,6.0638056,1,0.9987222236953766
-11.611167,-13.0057335,0,0.012592007489765912
0.66534716,4.374922,0,0.13771482945687108
-0.44018415,6.090902,0,0.0009949858884402494
7.4544954,1.333649,1,0.9452763811670639
17.318108,-5.1412973,1,0.9821819750959141
15.192277,0.46887648,1,0.994446195186551
4.2106266,-2.5917957,1,0.9940331059789645
4.7397943,2.2302656,1,0.9992127374497125
6.9130464,-3.3469207,1,0.9906444077746496
-2.2736342,0.1442678,0,0.01886188897945189
-2.1729348,-7.356153,1,0.8814191049388346
-12.599353,7.99136,0,0.2312991341901735
-8.172296,9.013212,0,0.012118457969333548
5.122461,-4.209102,1,0.992748448817511
4.7049007,10.976266,1,0.965645092743819
1.952576,10.779979,1,0.9574058813840276
7.0272174,-7.8449855,1,0.9853682279399506
-0.05416471,0.48144156,0,0.08423489118832324
2.121067,1.9928054,0,0.631071176458969
-3.3274298,1.9851437,0,0.00540604475620016
-7.5071497,6.753182,0,0.00023542801079484588
-9.892779,-3.718352,0,0.009558091102251757
4.195051,4.615093,1,0.96669795229088
7.6429067,11.064743,1,0.995199210103803
-13.6326275,3.2172856,0,0.005902069519740149
4.5654883,8.656848,1,0.974960777100863
-0.27449048,5.004886,0,0.03608663661333916
-7.362632,9.512999,0,0.006770374462875878
12.354602,-1.6203161,1,0.9939057394887022
-2.4498858,4.247837,0,0.0018106515518631968
0.4165405,2.5261788,0,0.037835120490733
-5.711206,2.1658251,0,0.0005404750092230232
-4.250215,6.916211,0,0.0005866810078477251
-1.1108538,2.911706,0,0.022604428210981322
11.528527,-7.640248,1,0.9890667764337738
5.6050267,-9.261487,1,0.9768800406630974
1.5923707,-13.501123,1,0.9765997668873525
5.201154,-9.137731,1,0.9869472177064178
7.8445177,-1.0305372,1,0.9942148533033026
-2.5445535,4.16248,0,0.0016285665033288373
2.2433796,-3.7904088,1,0.984042453379763
2.930437,10.950023,1,0.9931530583934424
11.455004,-4.7896385,1,0.9916243451033319
14.159556,1.0423042,1,0.9922736840355602
-1.6931263,-6.144958,1,0.9859770149859841
-14.52268,6.3208127,0,0.006114858303662497
9.856041,6.605606,1,0.9874177397136226
-7.004747,-8.265524,1,0.9762503652708928
-0.64842415,3.86526,0,0.01319732570614186
-0.5335854,-6.419213,1,0.9793991681540639
11.083728,9.693579,1,0.9890678703670298
-2.9083087,2.946702,0,0.0008973349436387872
-13.54669,-12.9825,0,0.004980674135267117
6.2235084,9.743561,1,0.9905466075457853
-6.390092,6.8736424,0,0.003999403295696172
-3.7951062,3.0583215,0,0.0009954381782913545
11.504773,9.999552,1,0.9948721009257505
-4.4681306,1.8933964,0,0.01187957535016589
-0.70333403,2.346172,0,0.0255588554518297
-1.0299852,11.457534,0,0.17947556276851542
-6.9506416,2.6363666,0,0.00028805351988990004
-4.557282,2.4319718,0,0.13073704871603256
-12.765743,-3.5473337,0,0.002003840359894933
2.0576227,3.8030977,0,0.2494608473032434
-7.19668,3.4975781,0,0.11725837071331341
-0.5828915,4.9811378,0,0.004274454673803267
-2.563432,6.3665113,0,0.0028285164395557057
4.7854667,1.4927545,1,0.9883079430809514
-10.241576,1.2361999,0,0.11843342574911578
-11.521295,7.4502273,0,0.006640808239830289
6.04681,2.5224924,1,0.9871874302996585
7.169441,-2.877586,1,0.992032142594796
17.318295,-5.139128,1,0.982077345818485
-1.9999725,-6.069628,1,0.9905680227279359
-5.5387564,-2.382991,0,0.01154433809046189
-9.576033,7.877678,0,0.0027238353988177236
-8.617953,5.225412,0,0.0014265607174263027
-5.0943203,8.742068,0,0.0014368174335092005
4.872722,-10.897581,1,0.9800122646622725
-1.9705373,-9.371733,1,0.9851430632503556
-1.0554272,3.8236148,0,0.019567418001705854
7.811496,-6.068314,1,0.973975325391811
-1.7437205,6.3037457,0,0.007963626108933752
-1.4741559,1.0670567,0,0.019338645848269304
-6.227849,2.358497,0,0.01234709982824579
-0.3703986,2.4575436,0,0.04488379056777773
1.1390507,-5.631689,1,0.9807904182738526
-1.8798565,8.8204365,0,0.003181856169750185
-1.1372489,-5.845724,1,0.9944079243650672
0.9571415,2.9562867,1,0.9299117081967987
-6.257461,-6.213421,1,0.9940763905990376
-5.808251,1.5437273,0,0.001774855551907496
-13.495994,-12.668293,0,0.0023081934762273814
-6.875608,6.9184136,0,0.00014546221145407814
-0.19516474,1.0299641,0,0.056842632458383495
7.7874613,-0.98804784,1,0.9919553325727688
-3.003664,8.043876,0,0.00046542975435621655
4.6476746,-2.0785694,1,0.9354771592995154
1.0236344,3.5360332,1,0.915025791037446
-1.2804897,8.90313,0,0.0045171158549421955
5.6175985,-6.1517973,1,0.9966504783312503
-1.330632,2.3329391,0,0.03072010093736631
-0.62791586,2.18004,1,0.740247162386231
6.4758754,3.231796,1,0.9902529152903191
1.536668,1.6888059,1,0.821715228190722
-2.3751242,0.91970783,0,0.0002231372175145352
7.4168496,0.69106585,1,0.9540040467536088
-0.7087814,8.106971,0,0.002319886764099141
4.441984,-3.588803,1,0.9962718886230315
7.250608,7.8502283,1,0.9992509107506256
17.31839,-5.141636,1,0.9800236526869339
8.260811,8.3571825,1,0.9850866259136223
3.7880762,1.0928372,1,0.9804353750311142
5.61968,8.45738,1,0.9633596432192639
-1.4883,0.22554605,0,0.002778149604085586
1.200184,-4.1648088,0,0.03218736359293288
5.948829,12.248143,1,0.9892106521933585
2.147066,4.6983547,1,0.9279459077201511
2.044967,-4.606616,1,0.9860786329491975
-9.281809,6.375168,0,0.00012147745384680611
9.438248,-11.527067,1,0.994202069771018
1.9245573,0.3925109,1,0.9764707335031263
-11.155613,-2.281945,0,0.011528186620429667
9.001801,-2.4556253,1,0.9552864643475355
-2.491604,2.0797925,0,0.014560694325779399
11.521913,-7.650304,1,0.9903463103167974
-2.5500503,6.3477116,0,0.002758128462452874
6.6627116,-7.2379775,1,0.9917476722502252
11.50079,9.98218,1,0.992525490903811
11.748745,3.4810045,1,0.9759264218870352
-3.8215067,0.1720865,0,0.0005262345681613376
-0.20803963,0.02599324,0,0.05481356060827623
12.354602,-1.6203161,1,0.9939057394887022
-9.278414,6.397355,0,0.0018881505115418017
8.320518,6.1332746,1,0.9992756785270648
1.7010977,2.4920561,1,0.9682447155431921
-0.96404713,-1.1524773,0,0.049542881918356874
8.101304,4.6084666,1,0.9959624470755315
2.970647,-1.5700295,1,0.9872317118520255
-4.55031,-9.318414,1,0.8696006091263366
-7.2864485,-1.4302225,0,0.0375326082726065
-9.670296,0.67310756,0,0.0031715616599262476
-13.227489,1.523991,0,0.07059158695323356
4.990248,-0.30171758,1,0.9873936251440805
4.3009825,-4.724146,1,0.9849955884949544
-0.028060049,0.04932876,0,0.025760329115416713
2.8387983,5.355559,1,0.9122756460498875
1.0618812,1.4735632,1,0.8781749230817024
-2.4026213,-2.5594041,0,0.016665795416975476
-4.291217,-5.5709777,1,0.9772571260909042
0.74653256,9.065266,1,0.9468842568812972
-9.257905,0.88919365,0,0.00856963858091085
-12.529512,6.4492793,0,0.0020241680432392865
3.3779633,-6.2304926,1,0.978414759229517
4.57055,1.0557894,1,0.9540306983454798
-9.118773,0.047433604,0,0.001113006440773018
5.5341344,-0.15776429,1,0.9750461076874323
-0.049780335,0.90656817,0,0.13753512506315366
-5.0560336,-0.38155547,0,0.07036012443538218
-3.2015867,-1.2404289,0,0.0003734753735809898
5.837179,7.3672986,1,0.9927495423913275
-1.6131579,1.4319872,0,0.04563634334745964
-0.70172435,-6.8972363,1,0.9962824461311404
-1.4383627,8.256692,0,0.00638652011717341
-0.34911615,6.3371997,0,0.004884846177886122
-1.2841636,3.0116932,0,0.006209570375782193
-0.538313,3.2124646,0,0.025725782457088398
7.624432,11.073551,1,0.994621778073698
6.9436035,-0.12757881,1,0.9952725589832114
6.0078077,12.183115,1,0.9870360968827095
-14.211149,6.303152,0,0.012418959852505056
-0.39301887,1.8431697,0,0.03891039928293683
13.164536,7.2482085,1,0.9944008249501373
2.7095847,4.467201,1,0.9751313563794588
2.2691016,2.9373317,1,0.9844563630162116
2.4412045,1.5495447,1,0.9673325224538599
7.5802417,-0.024945296,1,0.9942995830727759
-5.804814,7.7765555,0,0.0015006989265019582
1.6818571,1.0051733,0,0.020164800063326955
4.754208,-3.6176507,1,0.9903315385044404
10.405866,-10.0986185,1,0.9895200895589471
7.3510394,12.164137,1,0.9967839856583149
1.7182288,0.8477788,1,0.7881305907563976
-5.4371037,-5.1916523,1,0.8920491578823007
-4.6175394,4.5681324,0,0.0016240726105320315
3.2904973,-3.9494607,1,0.9519887442039562
5.9869537,12.190797,1,0.9937386496758536
1.2271563,-6.095696,1,0.933905364757444
-1.5080628,5.237366,0,0.0015184716617294889
10.406453,-10.098922,1,0.9895050634821397
17.31547,-5.13997,1,0.9790012583124288
1.6480362,2.8805811,1,0.9090315229152174
6.005735,7.576787,1,0.9969671274761579
10.195736,8.072654,1,0.9927850299430849
10.727638,5.3846946,1,0.9941249961829305
-10.6513195,2.1015847,0,0.018386983179473865
0.62253207,-3.2821586,1,0.9438460152573782
1.4769266,3.2543285,1,0.9000892630827175
-0.6582986,-4.219498,1,0.7827549746268218
-14.521564,6.322607,0,0.008491542358524241
9.400706,-3.391162,1,0.9919900652651833
0.08648201,3.579882,0,0.033444545558410255
9.485812,-1.1419555,1,0.97076236357366
1.0303969,-7.2869625,1,0.9898149293311985
7.0429735,2.6372428,1,0.9941347347230131
1.573433,6.664,0,0.1945548216048595
-11.008746,-0.8658289,0,0.07536786189931134
-5.1361985,7.1289573,0,0.0022248575141343603
-5.9298654,0.69998777,0,0.0002950232086063995
11.453868,-4.813758,1,0.9836558335360466
-3.1079228,0.1777736,0,0.0018458736801933119
-6.216691,-6.0210085,1,0.9893604709441445
0.6415814,3.9464467,0,0.13510140417164884
2.5746357,-6.6084075,1,0.9746886597531674
16.573639,1.7542503,1,0.9930958438001022
6.655694,6.9193563,1,0.9997557769911078
11.748302,3.4814868,1,0.9759264218870352
1.2399818,2.4213898,0,0.36745400140235823
-0.22665925,-1.4935787,0,0.07679395416977476
-3.9752138,4.3442926,0,0.0006424296907942636
-4.8178654,-3.9151614,0,0.021852242659167145
-6.3211956,0.7234089,0,0.0007411472120498818
5.677467,11.009037,1,0.952545622331745
1.432553,-1.8489958,1,0.9953338758303378
0.23400214,-4.229943,1,0.9562204077256333
5.89634,7.3246427,1,0.9981134632006198
-2.78277,7.9810123,0,0.00041598301566244376
4.8783193,-10.823434,1,0.9826610679019547
13.148969,1.9127038,1,0.9920917233089637
7.723475,7.688218,1,0.9909627058525033
3.1667008,3.1230507,1,0.9506045058913418
-14.142123,0.64642143,0,0.01301672688428529
-0.9555255,-0.6995603,0,0.06979922357825567
-13.960863,7.090864,0,0.0030965222750762274
1.8333313,-2.2004194,1,0.9236480750937479
-2.33245,3.362445,0,0.0005047440716865552
4.140694,0.8672676,1,0.9948234299571522
-1.9918349,-9.516486,1,0.98573832941146
1.4950706,4.0781784,0,0.10694920306277306
-3.495591,6.5322294,0,0.0008600697670678894
-1.2301584,10.857264,0,0.003456615298170359
7.3072186,-2.197343,1,0.9234989011851616
13.1797495,7.2513714,1,0.9924286657070647
-10.327241,2.0171528,0,0.007534392159388241
-5.639254,-6.7595844,1,0.9971774122385466
-1.992229,-6.8880625,1,0.9739938828381214
-13.5209675,-12.721202,0,0.003341949069249126
-1.580607,2.8856816,0,0.022239655693173717
-3.3564394,0.894475,0,0.02627173372949751
-1.9726841,-9.477723,1,0.9900426904680452
-8.219545,-0.08970011,0,0.004986885967660608
-5.023227,0.4064952,0,0.10608796264102825
-11.618444,4.993229,0,0.10397780992729859
-6.869783,6.23721,0,0.0006502516430715018
4.89835,-5.399073,1,0.9905595312585765
-12.728552,5.8434815,0,0.02241660106188876
-12.764036,-3.5492444,0,0.0029451256925096298
5.5684075,0.454164,1,0.9869701214061641
2.1717215,9.378049,1,0.954240498781745
7.2532024,-2.7069485,1,0.9854448228781097
-0.18795112,-2.1270096,0,0.00884985025933359
-0.6279159,2.1800394,0,0.740247162386231
-4.9095216,1.0324446,0,0.012592853458000004
6.2041044,-7.917376,1,0.9843076129556825
-5.5208473,6.6861143,0,0.0010258611690104596
-1.7679449,-6.120967,1,0.995839822772887
5.3147936,0.3743226,1,0.9835238488554293
1.0584201,-0.50903034,1,0.9274191382363471
5.7918296,-2.9097955,1,0.974798365321126
-6.421529,3.434513,0,0.0041154119458870105
0.723476,3.133427,0,0.19973441215414614
-1.1664195,10.843103,0,0.020025057098039003
-12.325393,-1.6222662,0,0.027679987402415476
2.9120343,5.9062977,1,0.9092337601775983
10.408139,-10.100084,1,0.9860036339839817
-3.0480468,-3.6881793,0,0.029352425671160632
-9.281502,6.3598533,0,0.00039925535835674163
-0.12058282,3.4383936,0,0.1256328607338342
-1.4800459,-7.1173396,1,0.9738173845874285
0.17767069,-4.366206,1,0.9630978050848671
10.960914,4.584503,1,0.9934845155590212
-10.039852,8.106299,0,0.01933748588281404
0.43859053,6.616047,0,0.06643760663235808
10.918695,-2.2417688,1,0.9668799847503834
4.2514524,9.99603,1,0.9699126742805525
10.283487,2.829824,1,0.9907373847290075
5.3158145,-0.8844721,1,0.9554631509110098
-3.349734,2.5537329,0,0.0010731851868037393
-8.978762,5.8210273,0,0.000342865657789419
0.2879184,5.4959216,0,0.01255935688635892
-4.493231,2.382359,0,0.0014922006764630815
-3.5942166,-0.93546236,0,0.0013248911379655794
14.964192,0.42403546,1,0.9980631005243545
8.742181,6.615828,1,0.9941726355180434
-0.95959944,-7.235075,1,0.9904703491159573
-5.1034274,4.908186,0,0.00015335200251286065
-2.6458817,0.041865185,0,0.003512334634065639
9.442402,3.6213002,1,0.9827299388755756
4.890471,-10.836584,1,0.9872396871066664
2.0952494,9.043249,1,0.9668417940560909
10.11779,4.07767,1,0.985374855855934
9.332457,7.8489766,1,0.9841910905575461
-3.8367546,-3.2718759,0,0.0770992177308371
15.191253,0.4650569,1,0.9933877205280618
-9.888444,-3.713518,0,0.0037576801351660773
11.037363,11.4795685,1,0.9943627617641573
-1.9620737,-9.474817,1,0.9897027764287375
0.14114068,-1.0865637,0,0.029060162284153007
8.837384,6.964386,1,0.9975342665354142
-8.551467,0.15022594,0,0.006395447518985054
-2.3235557,0.83627826,0,0.0006577677885594918
0.48156816,-0.47528234,1,0.7729516689267468
8.373502,8.302951,1,0.9846241123649944
-0.3987305,2.5170875,0,0.058818042070773256
-5.821137,-6.790482,1,0.9979074157357264
0.4327071,-4.262972,1,0.9519475168577182
7.0250306,-7.703366,1,0.9933288946456852
4.5303965,3.567047,1,0.941402985189922
9.619944,9.536217,1,0.9953782667055054
2.5820363,2.078729,1,0.985084332977468
-4.9561305,5.4489064,0,0.0007735134457959496
-4.4082985,10.827474,0,0.041712816773232714
7.296174,9.621097,1,0.9448006365292401
-1.4216834,-7.4430614,1,0.9573637947523675
-2.0359397,2.5733912,0,0.0034245525314168484
0.078225404,4.8328757,0,0.12001703006599165
-12.758806,-3.5487301,0,0.0023964473606381638
7.09895,-3.6689835,1,0.9939872435125603
6.008524,12.171677,1,0.9931795811147037
0.32243606,1.538699,0,0.2071151848337828
11.782302,-3.137136,1,0.9805565467538876
1.2384053,4.7409596,1,0.9215969068928994
-3.7487838,1.2889104,0,0.056591331825247365
4.2522492,-1.915977,1,0.996490966406475
-10.768544,2.783666,0,0.030357009147147535
2.9289837,10.400497,1,0.9855777073793356
0.06723247,3.971911,0,0.01697054043260442
0.64945024,-3.266976,1,0.9667267918977651
11.665368,1.6135353,1,0.9730795322652109
9.584029,5.706551,1,0.9901067979712018
3.3769894,3.3176124,1,0.977113674840919
1.9884436,6.3670444,1,0.9341544480489696
-1.2716221,-5.4289293,1,0.9882890528007057
-1.3561976,9.295542,0,0.02900477379752745
15.189793,0.46688348,1,0.9930976085460955
-14.818451,3.7273953,0,0.0034736234480346934
3.7025762,-5.3254123,1,0.9883169237325496
-0.37553573,-0.5371481,0,0.006999889342991333
-14.1631775,-1.0987427,0,0.0213437351005643
-6.327166,1.4980509,0,0.0011987875503458355
-0.1730006,6.2635145,0,0.007862591522317896
-5.6078267,-6.724874,1,0.9907329634757053
-2.9373615,3.9661868,0,0.00019248340524571187
3.3605008,-0.58247614,1,0.9346518132556225
16.548391,1.7287881,1,0.9957702930528839
-3.3010955,-2.4442997,0,0.0032330387170191955
7.420841,5.5413613,1,0.9309625377977552
1.7559795,-6.08632,1,0.9561406070491947
0.8825636,0.2983912,1,0.8282619413481126
5.074469,8.206884,1,0.9610605869702042
-1.9820205,-9.510898,1,0.9833106077678998
-3.8636515,5.017459,0,0.0001486723608589732
-1.8051713,-0.85454315,0,0.10392762338151068
9.967338,-1.412459,1,0.9416086571578881
-1.8353091,8.300005,0,0.0016056974023592743
2.4999137,1.7036353,1,0.9758240751957061
11.508616,7.800112,1,0.9852809251061193
14.986473,-1.1106908,1,0.9958684679631993
0.14210272,-5.0514207,1,0.9470668011950163
15.192395,0.46926352,1,0.9929119099830598
-3.0892236,-1.6243681,0,0.022037975317206936
5.9416776,0.3653818,1,0.9532978208529397
2.9685361,-2.7159781,1,0.9821804644320743
-8.890982,2.4704192,0,0.04374279645572336
0.37077364,-6.451409,1,0.9601083758843378
-5.265441,1.7724732,0,0.0013335930111215946
8.068395,5.34701,1,0.996660127566213
2.9076147,10.759456,1,0.9895900753777443
9.294497,-9.1763525,1,0.9948206735108776
-4.986476,-4.3706846,0,0.11408524408062193
-11.4812975,-0.32588166,0,0.005625298548483139
0.64072984,-3.2609618,1,0.9485757349218374
-0.5380123,-6.3565884,1,0.9946250694426519
-14.181931,0.62807953,0,0.012375008546765057
-1.5027273,-0.86000425,0,0.04540818874940631
-6.8071957,1.409182,0,0.01633585054654312
-3.4694266,5.0899234,0,0.0002506801997671788
-8.2219515,5.1827664,0,0.001968766513232973
-3.7710364,-1.4265537,0,0.005407008146206126
0.60133654,-1.7145058,1,0.8929639221687747
7.647482,5.9694986,1,0.989185992909308
-1.7976393,1.6499854,0,0.0018567107200324088
-1.7571553,-5.886416,1,0.9976549511246023
-1.3825117,-7.2183075,1,0.9927864108660559
8.312939,8.303605,1,0.9756015212878029
5.8034267,3.3089006,1,0.9959201961838089
-1.0378885,0.9771996,0,0.011612079479017956
-3.2861001,1.3697103,0,0.003137096475389977
8.183554,-2.1986778,1,0.9915845808687361
-1.3416092,-7.2758217,1,0.9755331715040363
4.923986,-4.489795,1,0.9945198611814803
11.458241,9.964155,1,0.9908210559368301
2.0508072,0.4487694,1,0.8927480652444949
3.590599,1.4251664,1,0.9871946142946844
6.5540724,1.1830937,1,0.9872416358274139
3.3788173,12.95867,1,0.9530162272168174
0.0025251717,9.489393,0,0.168860466750979
0.17392507,2.7458797,0,0.29653369572132476
-6.249618,4.145939,0,0.00012931433122390548
13.745784,4.6243505,1,0.9578611833364127
-0.35039544,2.361449,0,0.12218935797005041
2.2910774,-12.468623,1,0.9955938324053898
-5.2968984,5.1130643,0,0.0005716069590569997
8.8588085,-10.269872,1,0.9744353482899075
0.11157953,1.8663192,1,0.5580817807474345
-0.653512,8.191939,0,0.0016373351464852258
0.9261283,8.192276,0,0.3813898603109485
0.19347903,5.1570086,0,0.026464890924704807
-0.88115376,-5.5439954,1,0.9764958678444057
1.5958606,-13.505537,1,0.9741840793573796
-4.9092245,-2.7855794,0,0.012173809061966493
8.828156,-6.199228,1,0.9955018048275942
-0.31078005,0.028675893,1,0.8587970868124026
6.3535194,6.2029605,1,0.9896162773767174
-4.193062,-0.64855945,0,0.0018355541780986932
-0.5112193,5.0672545,0,0.01020562134636321
-6.1391134,5.784008,0,0.0002378334671892548
-13.503274,-12.678327,0,0.004971745660262655
-8.444343,4.7554517,0,0.00031326794614427506
-11.381327,1.7772611,0,0.16888505328676925
5.7886105,-2.9070807,1,0.9751926967543615
-1.0653839,1.0692034,0,0.010435218284202269
-1.6349088,5.4328346,0,0.003612542665796743
5.975033,12.216644,1,0.989187413596033
-1.4650015,-12.674082,1,0.9336825034020859
-3.3508832,9.869617,0,0.008290721168494036
5.477297,-9.703045,1,0.9844975651635479
16.249441,0.36289445,1,0.9938141658849972
10.717258,5.3875666,1,0.9954570067273124
-3.4895444,10.477889,0,0.00825971178359989
-8.606324,5.498114,0,0.001074545748535979
2.0095649,10.733502,1,0.9833289336781392
-0.62317777,13.748318,1,0.9627765736218606
-0.28914738,-2.9985912,1,0.9445843092894246
2.3209937,-5.5294967,1,0.994236798179172
0.4520938,-4.469592,1,0.977906414756201
9.891156,-5.900557,1,0.9781390749964858
-1.8929114,8.141649,0,0.004299362765703007
-0.6277834,1.9792318,0,0.012034761765770449
-2.1399431,7.788262,0,0.001984104844258295
-13.520887,-12.723089,0,0.0028005583818107092
-11.207126,3.6125135,0,0.0018690132936103271
-10.240872,3.7014704,0,0.03696051492309605
1.7602379,4.5726337,1,0.8996424446536105
10.899604,-3.0623777,1,0.9679943308097585
17.317827,-5.1368012,1,0.9893025715135088
-7.9567094,4.1747427,0,0.004165855604127946
5.8717494,9.827123,1,0.9939706514882136
-1.1366903,-5.6874843,1,0.9940918481547963
13.931902,-2.8575606,1,0.9292488555069123
3.8443992,0.6887715,1,0.9805107427064496
-14.820482,3.7332945,0,0.006026448150884091
-1.2923206,-0.8323137,0,0.030092016868851327
2.8811734,-1.1219691,1,0.9657189061296041
0.51029384,1.2474085,0,0.6175190532777387
-8.8935375,3.6048484,0,0.00033696641116858715
5.2042713,2.4065533,1,0.9941456719891589
-10.790096,4.6021914,0,0.021023298375912484
-0.48330554,-2.332922,0,0.0478878380063942
1.2604887,-3.6031039,1,0.9696830423808349
-6.237003,-6.375895,1,0.9971342107530357
-4.355298,4.038554,0,0.00013770329825340977
5.9430294,9.457708,1,0.9889946928461795
-3.6339183,4.4702673,0,0.00041596893568447886
-0.6618416,8.210571,0,0.0019726489425930544
1.4630181,-5.9636335,1,0.9821907800292524
2.7769701,-1.836967,1,0.9771602564863359
1.5851243,2.285186,1,0.8508109819677959
3.1340015,4.053545,0,0.608405019000294
2.4465914,-2.8567243,1,0.9866064945168876
3.7266412,7.642617,1,0.9968954283285434
-13.505711,-12.682609,0,0.005342271263823355
-4.7132363,5.6410007,0,0.0016878454010551657
-6.739584,-1.6396537,0,0.024815157531657313
-6.0307,7.535374,0,0.001639226948713328
12.354908,-1.6210407,1,0.9939057394887022
1.6777999,4.307844,1,0.8829883528456183
-2.0606303,-6.35144,1,0.9749032352817502
-10.878362,3.9259768,0,0.0364842682496499
0.571956,5.5521502,0,0.09827576033567983
10.891458,6.928773,1,0.9954462781034012
-0.59886247,2.2629256,0,0.03206903909774946
6.3463473,-2.5086868,1,0.9918637157251128
-2.0167465,0.25570032,0,0.03542521569734377
4.8518467,-6.9950657,1,0.9931677365526658
-4.372597,0.83273566,0,0.0031718881441500637
-1.2410407,-2.7869127,0,0.09490432345469671
4.778157,1.4945296,1,0.9885408256522595
2.4868627,4.6360493,1,0.9055618565960596
-1.0668426,0.26928928,0,0.0051393572325929135
-0.72194374,1.7980862,0,0.016172587791762064
5.0493326,-0.20725062,0,0.2989255610304013
-2.0244043,-0.897241,0,0.05521295714241922
0.33947775,-5.1561604,1,0.9910319799462302
12.223642,6.0712204,1,0.99230372190432
-6.7644563,5.0210376,0,0.00103680422533078
-12.233432,3.8263924,0,0.0050890587770874305
-12.774453,-3.5341449,0,0.004448042641197442
-8.148248,6.93424,0,0.0002090837166444515
-13.538225,-12.909813,0,0.002689011299339036
-3.3030393,4.051469,0,0.00010319658795109695
-8.09058,-0.109820016,0,0.0053613432142239695
3.0991437,-7.9701605,1,0.9504646410673578
-1.8000886,9.111464,0,0.003462832612975147
5.053913,-1.2817535,1,0.9387239147174368
-2.471304,-1.131954,0,0.0015993802294618558
-2.3891125,-6.653008,1,0.9758790852972904
-2.9847438,2.957027,0,5.516822703156937e-05
1.7531378,0.037349965,1,0.9823217152839833
14.193769,0.4358026,1,0.9979092864819613
-6.0359716,2.8619716,0,0.0024205251873776995
3.913572,1.6956403,1,0.9690416656394961
-2.1732397,-7.364445,1,0.955331551311445
9.96345,-0.5794052,1,0.9608488574932079
5.2838163,-1.065988,1,0.831652397012511
-0.17056438,1.9460752,0,0.051087542680748874
-2.574481,8.923775,0,0.010112329766827435
-2.0854595,1.539927,0,0.05822020148478647
3.462809,-4.9336276,1,0.9842939418308655
4.854083,-7.002024,1,0.9918637027048813
-3.5199292,1.7700646,0,0.11566940175672362
1.5868185,-13.511368,1,0.9620912860160278
6.7615385,-1.1960993,1,0.9858352283961437
-14.511863,6.32077,0,0.004009161628343022
7.571411,2.580375,1,0.9914234982915414
8.400531,8.360202,1,0.9886842858853552
-3.143825,-0.96313316,0,0.0003290319191118865
1.7497154,-0.84111696,1,0.9630613314583076
-6.0607333,0.69597656,0,0.014145394528158606
-2.1290867,-0.035586458,0,0.027084516375271657
5.932536,-4.386497,1,0.943731468836815
6.7414227,-3.5381546,1,0.9924779227007514
7.992798,1.5591944,1,0.9871043824761827
-1.9804265,-9.517829,1,0.9908080131766713
9.185782,5.407428,1,0.9886514341375007
5.3031416,4.6090837,1,0.9914971061326955
4.992363,7.61597,1,0.9660588637334067
-1.4653252,0.64537966,0,0.02989337401111741
1.3917493,-0.5148884,1,0.9551466369332927
-3.6718524,-7.435731,1,0.8836757475379929
6.563391,7.1022153,1,0.9988691784569713
-5.261014,11.469392,0,0.05205642723378012
-8.158862,5.320841,0,0.0004464912993730058
-6.315811,-6.198791,1,0.9896623810591044
3.258416,3.0735977,1,0.9651072638154041
-13.509127,-12.683072,0,0.0057541588431617675
-0.7032042,1.7947079,0,0.012153891538540589
3.0155199,4.934424,1,0.9614306757214386
-0.20657784,2.4667983,0,0.04407433912962625
-2.5973809,2.2802196,0,0.01790500162787481
-2.9140038,8.3195715,0,0.0020680150489658087
13.076684,0.75055254,1,0.9872998996212202
-5.6005116,7.370531,0,0.0010469100536493203
-2.902751,10.146813,0,0.004024535096216734
14.180476,0.40246043,1,0.996067275617434
-1.705375,2.2819312,0,0.009110319152030193
-1.2602708,3.2828062,0,0.0004022137845763849
8.580499,1.6173787,1,0.9673010267001916
-6.251643,-6.233777,1,0.9958082472083392
-6.676832,8.598139,0,0.002305599788883506
-5.898367,1.2221978,0,0.001274953782293852
-5.277873,10.744182,0,0.0030372604659959744
-6.098613,-2.2265894,0,0.0017350744841175797
8.244067,7.6270432,1,0.997867766048156
-1.9799296,-9.4895315,1,0.9928038610217026
10.717258,5.3875666,1,0.9954570067273124
7.05172,-7.866609,1,0.9922484886805218
-1.200565,1.9806557,0,0.040495864625754587
8.414729,6.1806574,1,0.998725979161977
-7.61552,5.9799824,0,0.0006166876200505413
-4.5096035,2.29799,0,0.015445508755296558
2.0811713,3.5155368,1,0.862865967402985
-1.4718919,-3.232432,0,0.30505076007075416
10.402083,-10.102664,1,0.9858085062329681
11.038601,11.4889145,1,0.9879758499649919
3.1975393,7.5458465,1,0.9447644277476761
1.5912958,-13.50707,1,0.9760018773245676
12.225042,6.0661955,1,0.9857940918899595
-7.1852403,3.5282896,0,0.03771330740943364
-13.622993,3.2065446,0,0.00968691104428896
-1.8191427,-6.090296,1,0.9904260231618449
-1.7992749,0.76359636,0,0.07892801303918827
-13.49599,-12.665671,0,0.003746743089630621
-9.566238,9.362901,0,0.07050581622699821
-13.498654,-12.675545,0,0.0035681634143375426
14.991547,-1.1081686,1,0.9954031058499682
-4.1788344,1.1452447,0,0.07765663913000559
0.4572494,3.211574,0,0.10426410592281207
0.8744696,-0.92055494,1,0.9752475673715657
1.4929991,1.9137049,1,0.9129453286024318
1.7658894,6.1259212,1,0.9265057383778521
-12.579282,4.201848,0,0.01227797846367358
3.9170218,1.8466108,1,0.9857849137442286
1.2998759,4.5197515,1,0.8638952484212393
-5.607061,-6.7390046,1,0.9994987712981374
1.834418,9.206449,1,0.9760818408086134
11.52666,-7.6399307,1,0.9904357714244401
2.2927942,-12.481051,1,0.992193885308686
-0.15878761,2.445772,0,0.00489598284400658
7.611929,11.071345,1,0.9854967045667428
1.6027032,-2.223866,1,0.9538742134617803
6.625485,10.355045,1,0.9626251769530986
-2.2851849,1.9226491,0,0.012463158098789971
3.7555811,-4.117945,1,0.9813779432776264
-6.5920167,-2.7930102,0,0.05984526587451452
-4.3854365,0.5213056,0,0.008023256693643574
4.084422,0.8002389,1,0.9967956489958437
-6.12872,-0.8916832,0,0.07868952893895508
-5.707647,5.572212,0,0.00034314910293812347
-1.9758197,-9.480816,1,0.9929438378250656
-4.5533304,2.4872174,0,0.005003977589610019
-13.495813,-12.665683,0,0.0027850827635973628
-6.315583,-6.243281,1,0.9914057758833684
-6.20652,11.137006,0,0.03638626104929798
-0.7193541,2.4625578,0,0.031037800249599037
-2.2614183,7.9354796,0,0.005218518308792105
9.436902,-11.528947,1,0.9925869486316916
3.58926,-7.0229254,1,0.993772422117237
9.413233,0.2547733,1,0.9669599166472693
14.24221,2.3369565,1,0.9310269543047873
1.1007079,-0.287234,1,0.9746725064942401
1.0833541,2.6266015,1,0.715718025404952
-0.8418998,-3.3088322,0,0.17439255234825382
1.0376554,2.1851985,0,0.07436274378416673
4.876738,-10.828842,1,0.9778642648526924
-2.1923645,9.380337,0,0.0049571527761097705
3.3999796,-6.227798,1,0.9887480826555509
14.990772,-1.1094941,1,0.9953581242639489
-7.727014,-0.94080776,1,0.7319311402905911
9.437571,-11.530553,1,0.9911712663328901
8.580499,1.6173787,1,0.9673010267001916
3.0594292,-8.741808,1,0.9780843735384793
7.070915,-7.847196,1,0.9931465792244386
-8.664334,0.17542009,0,0.021543421696596548
-1.3234328,9.639209,0,0.013020870758470068
11.522068,-7.648252,1,0.9906025780677455
-6.833975,5.5359325,0,0.0004449317346409787
2.8582976,1.2816027,0,0.1108432771091419
1.9719282,13.799175,1,0.9773750688370522
-4.0836587,4.508434,0,0.0004173351270807208
-11.087594,-5.057617,0,0.008087697799821528
-0.45912203,9.916672,0,0.012456024667686982
-6.743629,2.3900106,0,0.03069244754249789
6.091134,-5.81732,1,0.9494058154943855
4.118971,-3.975661,1,0.9977378982059181
-0.9177592,2.0166981,0,0.11666538191973398
-8.506812,-4.292739,0,0.03571279226745859
-0.74394816,2.553006,0,0.009835070683940147
3.6573994,4.39882,1,0.9815461111278497
-3.349093,-0.010152202,0,0.0057492225592851885
14.841159,1.1203239,1,0.9992695246113752
11.044254,11.495673,1,0.99142469514049
-4.93403,8.241301,0,0.003216526928166001
-11.89019,-2.618373,0,0.06626252839766118
-8.092487,6.774409,0,0.0004245959631283227
14.96579,0.41171488,1,0.9973344123977876
6.9013505,5.411736,1,0.9894910044674232
-7.3746033,8.950951,0,0.005127889481639357
4.8733788,-10.8959875,1,0.9823302925056077
5.7084904,3.9226644,1,0.9927163614070906
-2.6441946,10.2395115,0,0.011955949950155741
8.405843,6.180136,1,0.9985964258603228
-12.336483,-1.6413269,0,0.19436632916666322
-1.9827927,-9.525049,1,0.9929499087993047
2.7157786,-3.2410102,1,0.9674179306096118
-3.978232,12.750589,0,0.046051136550706404
11.8196745,6.3133736,1,0.9924985932570659
-6.4373136,-0.011718995,0,0.10063915015820914
7.0272174,-7.8449855,1,0.9853682279399506
2.2907488,-3.7778552,1,0.9956267531117249
-0.6409947,1.5007362,0,0.057950833420414
-2.650507,-0.439231,0,0.020429812858337493
-0.46973413,1.7640789,0,0.03658540407470086
-8.782392,6.934831,0,0.004547538780512016
2.9628005,1.0751761,0,0.1649949209919482
4.291595,6.822305,1,0.8775006809416432
-2.9786043,3.2998106,0,0.0006394562288694073
-5.2049365,4.2795396,0,0.00024804473405464416
-6.3263764,-6.2940073,1,0.994062432880357
3.3843162,4.0266304,1,0.9494838443218717
-2.0644844,-5.2778673,1,0.9136147226927537
-0.60495645,0.71043706,1,0.6399503006439291
4.1796603,2.6217124,1,0.9754835294065299
7.8456044,-1.0203159,1,0.9878934622834321
-1.3309939,4.4917126,0,0.00932330025165769
3.7911263,-7.7132716,1,0.9733987727441741
-5.862252,9.459757,0,0.01777817746116835
13.612466,-0.22171211,1,0.9986964332455124
9.068026,6.578359,1,0.9956316857832652
11.868667,-0.7210929,1,0.9849263013074874
1.4329716,4.781659,1,0.9560121450631447
5.493973,0.09068965,1,0.8961177531717428
5.0907297,1.6175128,1,0.9948746623852264
-11.183825,-7.7829022,0,0.0693535678621221
7.486311,2.3341599,1,0.9761113441762873
-0.4816985,3.0333354,0,0.012263692374535689
-1.2768943,5.7327423,0,0.011992030471387843
-1.4988534,-5.2381496,1,0.9725871395550345
-5.7493014,4.827266,0,0.0010569479463162581
-9.024755,-2.2450662,0,0.006810163917088028
-5.2592926,5.1746893,0,3.4667786187432794e-05
-3.1350343,8.002285,0,0.0001714915194781436
17.31738,-5.136348,1,0.9902392300230978
-14.806499,3.7162254,0,0.0022530282758473083
-6.659744,1.4321775,0,0.00036678511771985714
9.056488,10.289431,1,0.9830574054235967
-4.406941,-4.9001336,1,0.9876018906417997
-6.3822393,-8.410306,1,0.9843021189738381
-0.44878626,-7.645277,1,0.9709347283024202
3.1496153,0.09032751,1,0.9657144806410444
-1.4360019,3.86652,0,0.005440526095351908
5.7589,6.650823,1,0.9746255564689184
7.4741445,0.5540124,1,0.9856684750916568
7.571896,-2.1928656,1,0.9873839767705619
-0.68296075,1.7187792,0,0.0676246505625735
-4.514096,-3.110678,0,0.05001340680470231
9.929595,1.8266896,1,0.9764405952511941
1.3121519,-4.90902,1,0.9834281499662555
5.8108873,2.3524008,1,0.9463425216993152
2.2952375,-12.464926,1,0.9964852671889761
10.404963,-10.09722,1,0.9858438473143473
-0.30761823,-6.9786844,1,0.9926138875172464
-11.611355,-13.005514,0,0.01285719196218202
2.5410974,-1.0346051,1,0.967262203691879
17.317923,-5.1414924,1,0.9882958713328212
7.6387224,11.055648,1,0.9937481582212688
10.626735,-0.14255153,1,0.9953373379250755
-3.23699,-2.3984883,0,0.0031548121814447697
-5.726261,-6.8897986,1,0.9940534847339528
-9.339761,6.2899957,0,0.00016443617033949068
-5.606907,-0.10557162,0,0.022458254627999347
7.3557324,12.192869,1,0.9931123201806746
-12.087794,-12.139331,0,0.015271648489622295
-13.857213,6.6802945,0,0.0106300207093349
2.609848,7.4934783,1,0.9863532848491406
3.3660827,-5.348913,1,0.9877749144804681
-1.4681236,-12.671434,1,0.954261552077817
10.823643,6.958497,1,0.9957850480529264
-1.207835,10.862317,0,0.039164550784867226
4.962341,-5.317518,1,0.9939383440374808
0.79753214,-2.5656726,1,0.9878571803082392
-1.6949142,-2.2610767,0,0.020093987811567522
-11.890255,-2.6172218,0,0.06626252839766118
-2.6810122,11.211373,0,0.022783950161779858
4.375208,3.3131661,1,0.9256376963779491
3.2606816,-3.7494452,1,0.9840853853173329
-2.3303676,2.9625063,0,0.010709923153872303
-1.8128625,7.0618377,0,0.009272768945035618
5.9724774,3.3289719,1,0.9460192631155311
-2.0907748,5.5360847,0,0.0005803737026565143
-1.192975,2.0245283,0,0.0011376081723650576
-5.7613564,-3.496162,0,0.013608609173286811
8.420716,5.6499157,1,0.9977375733302561
10.625283,7.093123,1,0.9976400787159302
8.856495,-10.264379,1,0.9836634967415718
7.6117034,-3.655293,1,0.9888839625828733
2.06842,-1.8905672,1,0.9897316756730375
-13.593058,5.642808,0,0.005558589451268179
-5.523449,3.9916482,0,0.0006418872271725273
-1.7349554,6.2339416,0,0.003316983008308512
-14.180066,0.62812984,0,0.012648527675176813
7.623802,5.000562,1,0.9973000172662483
-3.513149,3.4872344,0,0.0003122382119542192
2.8878894,1.8524542,1,0.9762172925470969
-5.4751124,-0.5910607,0,0.013325950544267339
-9.319146,2.919897,0,0.012895409927377076
-5.4191775,1.0424404,0,0.00795917650117655
5.428503,1.1384372,1,0.9990697979018331
-3.1964393,2.0282526,0,0.00191868816815103
-0.82733697,-6.915776,1,0.9919548557951561
-7.2022743,5.159084,0,0.012994100093116892
-1.544784,-6.778292,1,0.9671810821086274
-2.8441274,4.7526717,0,0.0006133954028197387
-4.721809,6.4804993,0,0.0018998627390014874
1.8203017,-8.075755,1,0.964549968245876
7.3494244,12.165099,1,0.9957808655059942
-1.8628657,-0.12099777,0,0.18019827432238214
2.2932882,-0.0054023783,1,0.7903906417600394
-13.500241,-12.672322,0,0.005689998356596004
1.6758312,5.5993495,1,0.9248624759646071
-1.236341,1.9172561,0,0.01732692478171341
-8.189313,5.8251724,0,0.004413267823113985
-3.7149644,-4.294225,1,0.9398762261322348
-7.959248,4.1646748,0,0.0042232789117930035
-4.850703,-9.645975,1,0.7870491177140315
-6.810712,1.4018611,0,0.02005523761676861
-9.307651,2.3312507,0,0.0123402467685406
-0.22814186,4.098311,0,0.02306245249886771
1.7323426,8.00743,1,0.9326494792860325
-3.2337987,0.6970314,0,0.001920133907050847
-9.868931,-3.7146945,0,0.006113514547919304
3.7608707,6.1522,1,0.9821032115903326
14.989082,-1.1115003,1,0.9950846651797676
7.7534494,6.9094553,1,0.9952404765099532
1.1620287,0.95437706,1,0.9798999895968533
3.2848134,8.587126,1,0.9947631035224638
10.966643,4.567093,1,0.991611941270792
-9.961113,4.1371427,0,0.0032878039629142953
1.7482084,2.8948498,1,0.8344610634067836
-6.450478,7.404459,0,0.0016007329603757732
11.277621,9.978608,1,0.9924092783737826
-0.3352214,7.016665,0,0.0018660225099556948
3.8591604,6.766734,1,0.9729454883398155
7.39015,8.479941,1,0.9954760469507096
-3.2053385,-0.7014305,0,0.003234345383963802
9.178969,3.002714,1,0.9929688650079376
-5.1440716,-2.241912,0,0.0021876596515152855
-2.2354972,4.1280828,0,0.001344864209787429
-4.0146413,-4.8899636,1,0.9891918190478793
-0.6393689,2.1051743,0,0.014260359856994004
-1.935871,7.9516783,0,0.00299605407618552
-5.988866,-8.182136,1,0.9829329681090637
9.124465,4.208972,1,0.9658546631138937
5.5132685,9.60851,1,0.987367511796203
-5.7356663,3.1989877,0,0.00026559218575470316
1.8621991,-4.3298984,1,0.8808276845763618
6.384158,4.245648,1,0.9917139574700939
-2.4160588,1.1523079,0,0.013294292332621962
-1.5131809,8.732065,0,0.012038584778360648
3.0326235,10.264145,1,0.9949533642280828
15.045638,1.1579893,1,0.9984574814017518
11.521957,-7.650384,1,0.9943182687509617
-2.6036484,-0.80091476,0,0.009323401225494427
-1.9796708,1.0197988,0,0.026012470990824033
0.19201711,2.5848372,0,0.3795919358888878
15.046217,1.1606408,1,0.9981065642560008
-0.8902022,-2.7315562,0,0.17597081607970252
6.356108,3.5558076,1,0.9942959457186911
3.709395,10.775886,1,0.9723959356588396
0.2795292,12.706821,1,0.9657426020017822
-0.24514127,-3.8868248,1,0.8334753862944159
-1.634591,0.27012193,0,0.0022223046826640295
-4.70401,-1.5589899,0,0.005898657863134036
-14.604368,3.5817745,0,0.0009021415539616719
4.164694,-1.665773,1,0.9692534026672379
-8.600107,-2.820241,0,0.07317399799755678
1.3170183,2.7394085,1,0.8722240299711244
9.298573,-9.183499,1,0.9924766361001491
-6.228831,-6.1460853,1,0.9951221166880958
13.015708,-0.09645982,1,0.9804799837903941
4.8566375,-7.0023775,1,0.9907490475107684
-7.0093884,5.8202004,0,0.0009488776000646443
14.990759,-1.1089337,1,0.9960797103522712
-7.748699,2.2124672,0,0.024063828991419137
1.0761961,1.9362738,1,0.7617220492748695
3.296201,-6.2216077,1,0.9581627211626553
5.045755,0.14123128,1,0.9606109706243836
9.438097,-11.5290985,1,0.9922925401888875
9.513885,-1.1442206,1,0.9790480499504811
1.9891883,8.313869,1,0.9640562461001125
-0.678147,-6.623387,1,0.9885526658704793
-3.076005,0.42000797,0,0.0008981862899933374
6.5583205,7.85446,1,0.9958182206761005
3.574282,-3.4269452,1,0.9908830663328215
-2.0823,2.5224504,0,0.005913187298509636
-1.2910361,-0.17280498,0,0.1298613409000479
-1.9737879,-9.430442,1,0.9885594384517101
-5.338796,1.9749831,0,0.0026596611808284826
-0.8759918,3.2487757,0,0.018232340891056305
2.0432324,4.1168613,0,0.4038094384360725
-1.5113264,-1.7379394,0,0.019021858677407296
2.0007148,-9.709918,1,0.9236171629399819
7.425203,4.089082,1,0.9841841905559909
-3.789746,2.8522127,0,0.0014962652338600358
1.3766868,3.305673,1,0.902990928229003
-13.89323,6.677535,0,0.010138973020002095
7.3044686,6.488722,1,0.9964255429416354
6.069462,7.390293,1,0.9979175243386941
-12.077063,-12.130997,0,0.01878483682361859
2.5140316,10.655033,1,0.9745744983226586
3.6522086,3.6565893,1,0.9959129817609745
10.115355,3.1974244,1,0.9891205573344496
-1.1396368,2.433091,0,0.01564713086286077
-7.7040677,5.9832144,0,0.00022259758699188874
-4.7670984,3.698785,0,0.002199175435617936
6.1513624,7.3839664,1,0.9988301721385422
7.07372,7.227714,1,0.9335215849534965
-4.707774,0.20409286,0,0.018059844547429767
6.894759,-3.434353,1,0.9876747144818189
5.9362726,9.577339,1,0.9970670267418983
17.310032,-5.1294208,1,0.9883730853541052
-13.500757,-12.673004,0,0.004490903197637366
-1.5878392,-8.944333,1,0.9816148017459024
4.744514,4.7425175,1,0.9838070584400135
-0.6279159,2.1800394,1,0.740247162386231
8.900241,0.5472252,1,0.9864235814763885
0.41944277,0.87552464,0,0.047185553475257096
-2.741125,0.5121969,0,0.00011674577680650562
-4.084766,3.79393,0,0.0013630734802850247
-5.9880967,-7.252322,1,0.9899813230500931
1.6046659,-3.3835936,1,0.9887488191739378
-4.6372495,4.036835,0,0.00035543469936589144
1.2720116,-2.7096431,1,0.9568051068228225
6.7093916,8.346921,1,0.9948810508217317
7.4588137,6.985494,1,0.9882208056721667
-5.592892,4.9333754,0,3.0270168979905064e-05
8.095701,-3.0918872,1,0.9931093662113397
0.054230608,7.778905,0,0.0011247566762922065
6.668112,-7.23751,1,0.994612758884782
6.0675783,6.446208,1,0.9955242993020774
-14.518644,6.320197,0,0.005422039136355188
-9.170953,5.4891815,0,0.00012044629996468638
-12.689383,1.3238255,0,0.011575192786229526
-3.3622737,-2.5382276,0,0.006416666253164354
-0.7963945,3.669114,0,0.046174378863528834
-5.4153647,-1.6730165,0,0.02475346310996017
3.3285651,-2.9133253,1,0.9810274302537615
3.8565733,-0.95606047,1,0.9705260965877075
-13.410509,8.183997,0,0.05914936218134481
-2.8353455,7.1078057,0,0.0023569877295670995
-1.2375612,6.521493,0,0.013845794903448195
3.6485274,-2.6317904,1,0.8779659154863307
2.359043,-4.8775563,0,0.07337250117687057
9.295005,-9.176907,1,0.9948206735108776
5.9268813,0.6012585,1,0.991122046162395
-3.242359,3.8373556,0,3.247584642691405e-05
-2.5023537,8.636694,0,0.0028287679390381288
-1.2594197,4.459443,0,0.0863516476019964
6.568747,-0.3898501,1,0.9528186059976166
5.7871222,-2.9130852,1,0.9732335363783162
-9.986024,-0.32039303,0,0.016701550579433847
-2.002769,11.610193,0,0.09823616349315936
-0.89802814,2.4656794,0,0.0004622869358760895
13.726962,4.6022115,1,0.9730354165709143
-0.15420565,-10.266613,0,0.2352153215561885
-2.146107,-1.7419826,0,0.010269861166438965
8.106657,-3.1984289,1,0.9857777850455449
-1.3810705,7.3929906,0,0.00062536472862717
-5.989576,-7.2571607,1,0.9898110853073678
-10.943576,4.8030114,0,0.03688613530786904
-7.423943,2.1399705,0,0.036763268116297404
-0.5544439,0.93971294,0,0.05678757996935684
-2.6706715,-2.9248927,0,0.08765138739171925
-6.6788406,6.2584743,0,0.0002450000625781966
-2.5139234,4.281022,0,0.001199225301949625
-0.21755804,-2.1780014,0,0.2791519794789758
-0.627475,8.051965,0,0.00025626392851509387
-0.43665385,5.5257597,0,0.004482354064193851
3.0376725,11.139957,1,0.987809752032245
-8.630467,2.3618145,0,0.04630644157623694
-0.104314975,-1.0232724,0,0.012053833181806499
-9.881786,-3.7172916,0,0.01041877847309662
15.192272,0.46928528,1,0.992829285680282
-3.4118836,-0.51400906,0,0.0010498147700569878
16.248732,0.3637882,1,0.9942328648035416
-7.9245987,10.122093,0,0.006148741822645717
-3.9410143,-2.6498344,0,0.0024656999872236613
14.182009,0.40785822,1,0.9955304807170047
16.246454,0.36497268,1,0.9952070308567293
4.8104234,5.2023387,1,0.9878330398990599
2.91906,11.101051,1,0.9902536303258113
13.8446,-1.5728624,1,0.9806405543765907
5.5786376,-9.175285,1,0.956176220283802
-7.1902575,8.085023,0,0.006129504961596463
6.186467,8.441542,1,0.9930593024546615
-2.5724378,-4.0558033,0,0.34447394164649864
4.077961,-1.7127197,1,0.987767813149219
-4.567764,-2.9316201,0,0.015503796629295187
0.5700601,3.549952,0,0.15461973349044253
4.395756,7.4370675,1,0.9809837165445812
3.1631913,-4.6552806,1,0.9691173457764746
1.75534,7.2220135,1,0.966747651188337
4.841568,-4.6437464,1,0.9468806911435556
11.213607,0.4732397,1,0.9719721735725454
4.6140366,-10.58563,0,0.06096524498404187
8.851836,3.4127986,1,0.9891763618716019
13.670497,1.3993858,1,0.9975861107753199
-6.249983,-8.220086,1,0.9933311355515593
2.8662307,3.1581593,1,0.8384751544140558
4.315125,4.8792253,1,0.9884657745150451
-2.4924927,9.216143,0,0.0014445045193986496
0.54202336,-8.775723,0,0.18584509007067188
-0.1222747,2.3643296,0,0.09056168999331159
-1.6605995,2.4087365,0,0.005175857413095685
2.889863,11.168599,1,0.9672254257061982
2.2954822,-12.482343,1,0.9946001080254675
0.2262251,0.8634118,0,0.046912807018277734
-5.2939525,1.0928985,0,0.00029465176111811005
-6.0054274,10.0221405,0,0.0015799081476496914
-1.4171445,12.902561,1,0.8586516322125896
11.451523,9.968989,1,0.9855785291644201
-7.215419,3.474562,0,0.13263446707324245
2.9415376,-2.09873,1,0.9881627925663263
0.8676357,2.2346542,1,0.8461222770401932
3.4505658,8.614053,1,0.9834442809053249
0.9830763,1.2092344,1,0.9409995494389419
1.9123833,-2.979485,0,0.12472336675675312
-8.006239,-1.540564,0,0.08598376951289437
-3.7779918,-2.3693488,0,0.014111059429028829
6.2571726,-0.9197689,1,0.9596084900854759
8.56531,4.0337467,1,0.9122721740677192
-6.2184806,2.366791,0,0.01001452425101544
8.4604845,0.12490597,1,0.990606261102691
-1.975939,-9.511538,1,0.9887215483398496
2.3868215,4.0609436,1,0.9797672340964487
-5.7001414,5.5732064,0,0.0004617413080052668
13.743355,4.6222744,1,0.9671714383730092
-1.4632993,-12.674298,1,0.9754084835559557
1.1220337,11.876056,1,0.9247364931085572
-1.9932336,-9.520799,1,0.9667376739506469
5.1934066,6.4259844,1,0.9682872134984976
-6.002909,5.627043,0,0.0012404314348668391
-3.3612604,1.357939,0,0.009135700042631345
6.6611996,-7.2312427,1,0.995670234071305
4.559706,5.7503037,1,0.9640792558385762
7.312988,-1.6228307,1,0.9842174429306069
-7.0513234,4.806033,0,0.000921328673407067
-8.996351,2.2610545,0,0.002688598156575415
7.361316,-3.4950936,1,0.9871587088861942
0.6484617,3.018136,0,0.02253376648518928
3.4487584,1.9641733,1,0.9738552704381928
8.163891,3.7957962,1,0.9953793661673975
-13.524111,-12.722888,0,0.003577857881363182
-4.5899076,5.192139,0,0.0002266035917410981
6.037826,5.597005,1,0.9751358101922396
0.8120673,-2.3467116,1,0.9137634453852885
16.568731,1.7472051,1,0.9894888837400411
-6.170994,4.7298717,0,0.00022071990085264636
10.561698,6.401852,1,0.9889600364508739
-2.7452102,0.35659203,0,0.001530491308533638
1.066828,1.0190526,1,0.939080516814455
9.020214,-0.5832629,1,0.9483337781252196
-1.729713,-3.1401374,0,0.11715458743688709
6.7417,6.080737,1,0.9768285551146937
-0.69683117,8.391942,0,0.0009563628310305557
4.1146593,-0.18098374,1,0.9487615446951554
12.6502,2.1538727,1,0.9951543873875114
6.070228,-1.8392676,1,0.99306195168076
2.2407837,-3.7660086,1,0.993422953263282
4.040354,-5.147106,1,0.908770528162135
-2.6754613,0.7204252,0,0.0813461786590603
10.723887,5.383833,1,0.9949906097359474
-6.5826125,7.663593,0,0.0021499850343065516
3.4388423,2.7378082,1,0.980913845225444
1.0411329,6.3127823,1,0.9221101717869855
-11.19662,3.607642,0,0.0029602753109763654
7.333967,6.903244,1,0.9989727031859837
-4.7795224,3.7743003,0,0.006062508035452382
-1.0353551,5.012349,0,0.011158304964417016
-6.600446,7.7371435,0,0.013489020019669605
-0.853934,-1.9196839,0,0.03398812937042358
5.554212,7.762038,1,0.9846858123349308
-3.9691975,-4.0775137,1,0.8629983803024349
1.9128261,1.1489924,0,0.21820175857154728
-10.102313,-1.9145722,0,0.2249821352896925
-2.6840057,-3.344967,0,0.027379836032845054
-2.4766772,1.7034167,0,0.0024249610115776813
-7.012958,-8.262821,1,0.9821418035534261
-0.6805248,1.1998204,0,0.0852482416018271
-9.948036,-0.4230709,0,0.018706184275239658
1.4935659,5.416647,1,0.8561855672145351
-9.308822,6.379036,0,0.0007975980024754821
6.3649545,5.0566344,1,0.9918438205593443
-4.989126,4.0677204,0,0.0002978686106374345
-5.1181946,6.976747,0,0.0022428511959905763
1.9907149,9.329244,1,0.9184376710937944
12.485678,0.0019256513,1,0.9881075015565869
-6.4377103,6.503658,0,0.0004825773983425624
-5.6065507,-6.724462,1,0.9885254955325642
-6.0542874,7.3464274,0,0.0007470782130861867
-1.2182343,6.9256816,0,0.0015408112511831281
-14.505233,6.324504,0,0.0032086401994230697
11.511054,-0.45576435,1,0.990959097426973
-4.0097175,6.0861735,0,0.0002510446041328845
2.5623457,0.50089884,1,0.8872568936177495
-5.3876514,6.5246234,0,0.004487529692185575
2.2925038,-12.466796,1,0.9936796121926226
5.0645704,2.3157887,1,0.993270743698854
-3.9940019,5.304435,0,0.0011242087878391503
-3.8297145,9.608999,0,0.011288975688944193
-8.8025875,4.5890975,0,0.00026938801659954825
0.40795845,4.2910705,0,0.037180265005724376
5.211112,-2.0798643,1,0.9825517261960881
0.46047032,2.20276,0,0.24434497947632136
0.34473702,-0.7479236,0,0.10141965382126285
-4.4878063,-1.4253107,0,0.02709064715409669
-5.595679,-6.7235646,1,0.9995817125465716
-4.2348623,9.1548,0,0.002557746877645046
3.6198564,3.7587497,1,0.9620067851229268
-13.176229,4.6879416,0,0.009392445579028076
0.6756806,2.979873,0,0.09115213643130382
-4.170613,7.7676773,0,0.0024914224878402605
-5.058068,3.0785856,0,0.001637275729833194
9.022991,5.0018754,1,0.9374560031529321
-6.5093417,2.6487744,0,0.0027695441791949307
10.83553,6.9529448,1,0.9966156529580625
-3.6522367,5.766308,0,0.0005465858190265203
6.4932914,-7.167913,1,0.9801224613672406
-3.591522,-0.94626,0,0.003209272549029649
2.1655748,3.2754116,1,0.9617398573534159
-13.897814,6.673339,0,0.006301620250072726
-6.2237225,-5.980461,1,0.992673678739946
4.3717604,-9.197758,1,0.9577965938785089
-8.262381,-1.264389,0,0.1243413374309012
0.58726615,5.8842273,0,0.0428519205764309
0.2617865,-1.2473923,0,0.12259273361375707
5.9301605,-4.3750496,1,0.995793116420837
-7.708644,6.2662463,0,0.0016349615172548315
1.8934261,-10.759336,1,0.9373545887024973
-13.496863,-12.66797,0,0.0031809526714032966
-5.6656027,-6.747602,1,0.9988432298695549
13.325512,1.8160089,1,0.991399060452832
2.9477525,10.764939,1,0.9941064175793598
0.2573468,1.9117194,0,0.17970736480603355
5.399369,-9.71983,1,0.9865283875774332
-8.547822,6.439838,0,4.614368269416517e-05
8.722278,3.2179933,1,0.9326944874610825
-4.9338713,-5.274928,1,0.9887785288325941
-4.466848,-2.2561107,0,0.08336700162966024
-4.90191,-6.094103,1,0.9795260085955457
1.1322143,6.9123664,1,0.8746713800100797
-0.69718355,1.5520582,0,0.023520445782269014
-2.7118957,1.6456156,0,0.002996502198747578
8.311765,6.2121687,1,0.9952559858418126
2.8192232,1.3647649,0,0.06246377736670018
0.691182,-0.038017817,1,0.7853651276003553
-0.4610272,7.15349,0,0.0006363203465060016
0.5577875,0.21933661,1,0.9152638748888795
-6.344196,4.700222,0,0.0006749077669926783
7.352418,12.159264,1,0.9931397644315938
-12.534182,1.3992276,0,0.03155724441903659
5.285319,5.220188,1,0.9658865502989282
-3.4968715,6.5310874,0,0.0008600697670678894
15.189046,0.4650487,1,0.994548416487017
3.7779336,5.9540086,1,0.9798231885675805
-10.765262,0.3283125,0,0.02336625630839152
-7.4088144,-2.2286088,0,0.05187285615391658
-8.344903,1.8454078,0,0.009694596701319155
6.7484193,-1.2130597,1,0.9964430967354463
-1.5494325,3.5819428,0,0.003168553142405824
-2.05814,8.728568,0,0.010312832241522742
15.079563,1.0444576,1,0.990975577262376
2.9426918,-7.667211,1,0.9856898886989374
-13.519989,-12.721482,0,0.0024402453135904177
-7.0993276,3.2873318,0,0.006637582632940556
-6.726881,0.20394748,0,0.02312334187873378
4.5312953,3.5662947,1,0.941402985189922
11.041439,11.504929,1,0.9861432355879071
0.60281587,11.595964,1,0.8828126163430492
-2.7336578,6.8995166,0,0.0008122625227022323
-7.1910872,6.4861045,0,0.02348004982694597
-1.9505389,2.3374176,0,0.003374750392547601
-3.2953243,-2.3668258,0,0.00032729315762121674
10.527334,6.3938375,1,0.9938232883278242
1.7424872,7.8077927,1,0.9809006774990965
0.148051,5.3483014,0,0.05859420433610877
-4.1142364,9.013955,0,0.001335650339901197
9.503028,5.8575044,1,0.9782162248084968
-14.161513,-1.0972263,0,0.02205830123092544
-2.6792943,6.1085696,0,0.009470961185435837
-12.443361,7.096389,0,0.007949768773766169
-6.198675,6.9340434,0,0.001052313390381484
4.956577,-5.3126464,1,0.9941175563596852
3.1218483,7.722174,1,0.9737550521114674
-4.8192563,6.025827,0,0.002405177660197921
1.7223234,12.503701,1,0.8923314656250718
11.033054,2.61373,1,0.9501764508171856
5.8759165,1.6179574,1,0.986124441304571
3.3017144,7.8760796,1,0.9799137048667862
-2.629475,1.3615694,0,0.04692236841899963
-9.523091,3.5024686,0,0.003996621193189404
-4.5139427,5.7481184,0,0.0003197353189904295
2.31315,-0.024296993,1,0.9381606503407163
2.352268,9.482288,1,0.9751381890740191
-4.1846695,0.7534606,0,0.0018990631824527442
-9.279336,-1.0315623,0,0.08137903184916999
-4.889817,6.742582,0,0.004087378899562433
-2.7688475,-0.18627739,0,0.00040298496401191327
-2.9322338,-3.2516901,0,0.05354558202248933
8.16699,9.593225,1,0.9919256546191296
-1.9892576,-9.529837,1,0.9927323043281506
11.049607,11.490792,1,0.9805012818810785
-3.3144798,-0.85518837,0,0.0030649343308682634
-0.8566072,-2.270373,0,0.0262923096833554
4.3237786,2.977633,1,0.9869613033648863
4.8496914,-7.0238457,1,0.9880839713590709
-6.57611,9.827041,0,0.0084894948828399
-0.4127558,2.7986276,0,0.011787511347948212
-6.292038,6.451421,0,0.00020638203809853392
-2.4340312,-0.009489894,0,0.004311611205398176
-0.48966333,2.6558294,0,0.026093030911202096
-12.097578,0.5092419,0,0.02922660389638632
-1.4429162,1.7840039,0,0.0029525383834700753
11.5219345,-7.644928,1,0.9923212793763627
-14.250743,6.3255525,0,0.008034891847815086
5.6984954,1.556053,1,0.9601321023627252
2.4826322,6.6365047,1,0.9794109599863385
-14.535761,6.323354,0,0.008777702847799298
6.1952157,0.025229756,1,0.973483291817399
9.06323,4.6969104,1,0.9710804084904529
-0.9123552,-1.5641382,0,0.03363676991491958
-8.990605,-5.948175,0,0.10378781009269332
11.03698,11.475804,1,0.9957474426730522
-8.594001,5.336418,0,0.002874943676342029
1.2952324,1.6047748,1,0.7434864716960574
10.633315,7.0886197,1,0.9985545263090995
-14.142071,0.64511913,0,0.032030159862262424
-8.6530485,-0.71681684,0,0.022735079085183164
-4.4872346,-4.9076247,1,0.9843240804029502
-3.5083258,4.0103707,0,0.0008962324550492208
2.1908875,-8.93316,1,0.8770349276810724
-14.785423,3.665187,0,0.007392032160404425
-7.59268,7.0642285,0,0.0005415236988421605
-0.9473639,4.0101366,0,0.01373041117532654
-4.6823926,12.17954,0,0.09242408211944768
-2.2400472,5.501606,0,0.0011510302006848764
-4.408293,-0.289902,0,0.006085532089350674
-10.389324,5.209927,0,0.0003589846113173446
-2.5626984,-1.5862453,0,0.03535449965848436
-1.9396263,6.452672,0,0.008632255762517381
2.2140894,-0.8752637,1,0.8417406737180066
6.725465,5.714482,1,0.9891615295129866
1.6765145,2.012159,1,0.8873668882017278
-2.2157333,-1.9555676,0,0.014313283882087614
2.5843596,-6.6143627,1,0.9760144984911462
-8.213216,-2.1186302,0,0.09144745359010935
-10.543726,2.7209713,0,0.001520954605261781
8.416762,-4.1988277,1,0.9952411557204457
-4.585959,4.9480247,0,0.0004909719120393582
11.447372,-4.8231936,1,0.9941742828072059
11.032551,11.493057,1,0.9854752320909258
-7.420759,0.96053183,0,0.25444590598646327
4.8823524,4.0931525,1,0.9859045729591066
-0.53265655,-6.4296393,1,0.9916725417383415
-4.7056127,7.7852216,0,0.0037264269628704302
4.4312935,5.6504755,1,0.9735554342817888
-2.1657548,-2.1588602,0,0.019459533234827974
16.56366,1.7432398,1,0.9857516451611825
-13.651973,3.22919,0,0.004694055198418668
0.4591301,-0.39595792,0,0.05618818697655486
7.079213,9.196879,1,0.9948602158993998
14.988709,-1.1104891,1,0.9943934680095148
9.627778,9.579302,1,0.9795187825484606
-9.868719,6.4572434,0,0.0009355227254815217
-8.111407,3.3085935,0,0.0017417636214930943
-9.983466,8.0553875,0,0.0018639888895630552
3.4367182,8.61397,1,0.9831813334118235
2.2843032,-8.1803465,1,0.968050752045622
6.487033,1.2185154,1,0.9744759927774778
-3.9309306,1.5753778,0,0.01801050641512057
6.222386,-5.0973053,1,0.989515014034945
-2.9455009,-1.883044,0,0.06619968087225446
-13.522593,-12.722566,0,0.004139965797523508
-4.9940705,-2.1724925,0,0.008896656558291426
11.24461,6.1438403,1,0.9701384110578002
-0.11727132,2.9829922,0,0.03706347064792815
-6.7642727,6.7323413,0,0.00022863266548312815
-9.532687,1.52396,0,0.0012530316738777942
3.1982546,-2.429923,1,0.9228808228525958
9.430968,-11.523868,1,0.9885221110500312
-6.913781,4.1480846,0,0.029878290252024486
7.4902296,2.4073133,1,0.9869504709190522
-2.6367543,5.576927,0,0.0011012037498134256
-5.994992,-7.2598987,1,0.9869549431048397
-0.7924317,4.4666367,0,0.0017861053102437253
13.157436,2.1455293,1,0.9429513125397572
-14.807366,3.7162437,0,0.0018776312518497
-14.524519,6.3159575,0,0.008119962390207182
4.7294707,6.5052705,1,0.9075414732865995
-6.420358,4.563914,0,0.009521803868809428
2.2922378,-12.464469,1,0.9957597688408076
-0.34291217,4.031888,0,0.017681637744562557
6.00989,12.185077,1,0.995245839821479
5.5611625,-9.720171,1,0.9843265340307954
9.91796,1.8138855,1,0.9950606097012679
8.000195,1.6088623,1,0.9951379596457922
3.812075,-3.9858377,1,0.9485711573407191
-1.9647514,-9.231099,1,0.9912602898778277
-0.55430263,5.6002316,0,0.0005861959589764957
-2.2360153,7.329341,0,0.0006956302014875057
9.413032,-3.394598,1,0.9852749993565991
-1.1899172,0.33825377,0,0.0036997735268968664
2.327714,10.751861,1,0.9802395584541435
-1.5899616,1.48988,0,0.015765727113185447
5.517927,5.6779366,1,0.9984040890710404
0.6216633,3.5927756,0,0.21922153225214902
-0.9557558,2.4664586,0,0.02415679362958918
5.281517,4.1612434,1,0.998499781919991
-3.441809,-0.06976945,0,0.04500818974360384
8.246235,7.6320953,1,0.998219509774112
1.2298278,-3.1214225,1,0.96852363876254
6.470849,0.24821813,1,0.9723730689133435
6.442679,0.21850644,1,0.9371568490086416
5.8649616,-5.259237,1,0.9931430541776686
-14.02257,6.6441402,0,0.0058506707028475845
-0.19122094,6.7502375,0,0.0283620615304304
-0.23424771,0.62731373,0,0.04537994693421916
1.4915807,9.729199,1,0.946506921727372
4.7230616,9.565829,1,0.9831866999829518
5.435986,-0.82667917,1,0.9529220535050646
10.624946,7.0827227,1,0.9980838859288921
3.451867,-1.6449782,0,0.32875573275630404
-13.496349,-12.665023,0,0.003727484976912407
-7.8715034,7.1094027,0,0.0008687999603833869
-3.8219523,1.9860853,0,0.06264037668291995
2.6071353,6.359251,1,0.8557670414590175
-1.385179,1.6118387,0,0.06169823983315495
-1.578856,3.1487224,0,0.016813146975786966
-6.7780094,-0.41823804,0,0.00209170259291172
-7.0754356,-3.0869863,0,0.014773364519031171
-11.610797,-13.004216,0,0.01286537101075719
3.8429103,-4.4994817,1,0.9628998567925321
0.6671286,1.4431059,1,0.8993327232774845
0.78674245,5.269823,0,0.1934443171042084
-7.1327376,3.47977,0,0.022641684539608544
-7.124074,5.7116785,0,0.008302335555740377
-0.4357603,-3.6549785,1,0.8393867696836257
-3.0805638,4.832669,0,0.001654613619664316
-9.735575,-0.04194306,0,0.0056174773138011145
2.4714084,5.6335235,1,0.9604708999806829
-10.796856,3.2644546,0,0.02841492232058697
5.5933366,6.4562807,1,0.9883995005760985
9.437044,-11.525643,1,0.9934206459085819
-2.3581314,10.162355,0,0.028045860174113868
4.853765,-7.003756,1,0.9953742397057781
6.9244976,10.015104,1,0.9848565339261259
-4.236118,4.965975,0,0.0001474097875178596
-4.758449,6.987388,0,0.0008753780946476577
-5.2873263,5.490971,0,0.002488084173695563
3.7429018,5.532594,1,0.9499821095802128
-1.9484195,5.6156626,0,0.02269220081729674
10.299924,6.4671364,1,0.9997405726667324
4.830485,-10.779936,1,0.9925909959621744
6.5295362,-7.1830025,1,0.971978779228978
-2.8495588,-4.427825,1,0.9221160374733347
7.7241917,7.731418,1,0.9957556644045588
2.6690266,-1.6451076,1,0.9753316680573141
-4.363403,3.0263948,0,0.05743483980242082
-6.3863235,4.052333,0,0.005282424210790973
8.0276985,-1.9872141,1,0.9971603858626481
-8.718745,3.0565665,0,0.01038349056638445
6.659619,3.9094696,1,0.9994726226324984
-7.43127,-0.6306454,0,0.003588503165841892
1.9906965,-0.6391702,1,0.9853565093320934
2.1749756,5.3105783,1,0.8090762156839115
4.8639083,-7.020808,1,0.9924864781026705
-0.3962554,2.6631544,0,0.011108207154420962
6.7698507,2.8478105,1,0.9886229477325956
-12.333659,7.1088953,0,0.004241589889035391
-1.7986269,-2.448537,0,0.0077116588247357915
2.77042,2.3666143,1,0.9684962711846066
-0.5766047,10.336756,0,0.013822867886139838
-9.152209,-6.2082324,0,0.08616158685135893
-3.0519195,3.3269732,0,0.00038509497587199725
11.186021,-1.4612594,1,0.9283496906716284
-7.758872,-3.3672733,0,0.09982167743518826
-6.0499034,5.6233816,0,0.0012558848454558547
4.769912,-2.9576204,1,0.955415110647504
-0.16915143,5.9050326,0,0.003871817916737889
8.359148,5.0368786,1,0.9903185380165527
14.98865,-1.1075919,1,0.9948954478378085
11.455696,-4.792801,1,0.990659243440176
11.613978,0.34707996,1,0.9949573610689517
0.41489455,1.038782,0,0.351118688115972
-0.43306732,7.0230618,0,0.00023218895479907542
2.6753836,2.4508188,1,0.9712817482746605
0.16089635,1.5875511,0,0.12042960797515227
5.0813317,8.221154,1,0.9861339690826297
-11.3303995,4.9026904,0,0.00327415967724127
-0.54211706,3.2818081,0,0.031518914489654264
-5.436282,-5.1902328,1,0.890085249539022
